VENDOR,FREQUENCY,RECENCY,AVG_COST,RETAIL,QUANTITY,AMT,PROFIT,PURCHASES,RETURNS
5511283,2582606.0,2005-08-27,12.032232286608897,53611911.5,2674419,52712886.45000031,16926414.710162375,2582606.0,91813.0
113645,1044197.0,2005-08-27,26.176993742927984,47901824.5,1098662,46666632.119999975,13265587.620177824,1044197.0,54465.0
13031,418163.0,2005-08-27,3.2109978457368356,1787935.2799997341,428453,2303070.479999628,810849.4599967095,418163.0,10290.0
5715232,369674.0,2005-08-27,32.92603468346057,14169201.569980655,411493,18943282.939991433,1292774.4700006093,369674.0,41819.0
3626213,367217.0,2005-08-27,1.6269380717875594,1517626.9199998423,384542,1273198.4999992661,529786.7400011814,367217.0,17325.0
2012863,337235.0,2005-08-27,2.881388677684858,2380814.820000034,352472,2165431.2099999557,955742.5199991254,337235.0,15237.0
3313116,236312.0,2005-08-27,17.52397260983946,4976712.850004182,268929,8010250.760007695,1225839.810001049,236312.0,32617.0
9520439,229014.0,2005-08-27,7.674866085372423,3669635.7600000566,246687,4041569.1600026344,1534820.0099976787,229014.0,17673.0
313319,219464.0,2005-08-27,1.8751565222292306,1085193.3399999232,230159,982689.8099999704,457866.3800002302,219464.0,10695.0
6016957,197415.0,2005-08-27,6.811654315251439,2568309.4699999313,211042,2957396.3300015787,1121791.400000162,197415.0,13627.0
7016341,191632.0,2005-08-27,7.033409178431922,1458276.599999995,199969,2464466.5000001485,848443.7999986844,191632.0,8337.0
2067178,189919.0,2005-08-27,7.263526720142622,2010015.7999999453,207615,1877298.4199986043,14557.940000017152,189919.0,17696.0
4516339,185209.0,2005-08-27,10.00584881323571,4412925.920000179,206235,4407020.210001777,1394161.0200015332,185209.0,21026.0
13396,178544.0,2005-08-27,8.077372852985423,2629747.7800002834,191196,2867955.6100002313,878088.5499999141,178544.0,12652.0
1114936,158410.0,2005-08-27,7.411962776527977,2677214.140000025,172042,2837526.7200012472,1077855.1000001912,158410.0,13632.0
2017178,149596.0,2005-08-27,4.047851220168888,1104398.4999999865,161003,969009.4499991296,158990.46000006306,149596.0,11407.0
5011295,130330.0,2005-08-27,3.084874236382959,955792.6599999052,133902,855128.2199999725,392445.54999973485,130330.0,3572.0
60904,125313.0,2005-08-27,21.34566022743345,4764927.130007212,140959,5869160.460006069,1491735.6600009578,125313.0,15646.0
10903,121474.0,2005-08-27,17.32771937217672,3700362.9400018994,135261,4616461.65000326,1269227.679999818,121474.0,13787.0
6041161,115602.0,2005-08-27,21.738678596014186,4421515.0,122052,4352975.999999996,1223283.40000001,115602.0,6450.0
4412768,112511.0,2005-08-27,9.565287731910384,2001344.8300000431,117818,2108496.790000831,789356.9000002407,112511.0,5307.0
6013105,107704.0,2005-08-27,8.3281269722399,1990955.4199999915,117569,2031182.58999988,706490.9100006019,107704.0,9865.0
9514659,106858.0,2005-08-27,7.628533870559444,1490402.2899999884,113919,1680452.5200000599,577620.9499993536,106858.0,7061.0
1116343,100782.0,2005-08-27,40.17809364860976,7141924.0,106654,7131296.599999987,2078298.999999839,100782.0,5872.0
4432768,93808.0,2005-08-27,4.137680338881944,650352.3399998555,96790,711497.6799999668,267732.3999997295,93808.0,2982.0
6062767,92187.0,2005-08-27,12.056482922498908,1550704.2299999474,98053,2247531.870000127,773748.8100000392,92187.0,5866.0
4316188,91866.0,2005-08-27,21.677362892750878,3951568.8599999934,111865,4205055.0600037705,106174.73999997902,91866.0,19999.0
66561,85213.0,2005-08-27,9.47562300388921,2487285.279999987,92054,2888578.6700002374,1564702.2100000295,85213.0,6841.0
1699206,83765.0,2005-08-27,2.3764981140676773,204738.73999998948,87490,242780.3699999796,8730.669999989652,83765.0,3725.0
226176,81326.0,2005-08-27,15.694380019589648,2153416.5399999586,86785,2667543.4000001233,935064.5099998945,81326.0,5459.0
1446212,80927.0,2005-08-27,7.404605783896955,850914.0799999629,87173,1265085.4999997958,421618.93999975553,80927.0,6246.0
4259203,78261.0,2005-08-27,9.892906659393862,1048560.399999961,84272,1552848.0199997253,479377.5299999519,78261.0,6011.0
5531254,74993.0,2005-08-27,24.408632221415758,1997966.9800002042,82740,2808851.2100011646,209949.87999997806,74993.0,7747.0
8416210,69401.0,2005-08-27,11.938215985447304,1065779.9399995767,77533,1501028.5799996222,222026.44000000085,69401.0,8132.0
8014780,67041.0,2005-08-27,15.519853464541088,2285981.3200000003,78957,2109423.65000009,340571.99999999587,67041.0,11916.0
9113491,66101.0,2005-08-27,27.41005304696606,3177782.0,69561,3176901.120000002,889815.4199999967,66101.0,3460.0
7326340,65930.0,2005-08-27,17.731256009447257,2898403.7999999966,74466,2924766.2400000305,936323.349999612,65930.0,8536.0
5027112,65110.0,2005-08-27,17.426336630927945,2367300.9999999525,72376,1985835.6799995862,388991.27999965963,65110.0,7266.0
9916342,63557.0,2005-08-27,2.5435206863638182,125828.46999999788,64922,243099.62999999034,66287.58000003942,63557.0,1365.0
3622251,59170.0,2005-08-27,8.815432552489831,1084689.7500000065,62582,1068448.0699999821,398785.7700000731,59170.0,3412.0
5745232,58468.0,2005-08-27,27.04898003539603,2548944.380000014,64414,3158400.4600009467,821728.0999998722,58468.0,5946.0
11679,58202.0,2005-08-27,34.42700741854309,3508847.5,61198,3511236.0,1049872.0,58202.0,2996.0
3916215,56661.0,2005-08-27,14.6792332268379,1300805.8199999987,61035,1880831.0299999905,689563.0699998704,56661.0,4374.0
12592,55912.0,2005-08-27,24.022676278225997,2527172.0,62841,2172642.910000002,176303.2499999859,55912.0,6929.0
2816210,55144.0,2005-08-27,5.911564738659376,880747.9599999993,60304,910172.1699999963,389479.8899997764,55144.0,5160.0
514761,54471.0,2005-08-27,27.000103106069,2704002.5600004066,62072,3320066.270001086,828010.4899998964,54471.0,7601.0
6436489,54401.0,2005-08-27,12.706023550724638,1229248.4899998903,60720,1168760.8299999286,153781.28000000594,54401.0,6319.0
6076489,53670.0,2005-08-27,16.930955554805657,1974760.5699999467,59264,1781735.7299998696,430686.9799999283,53670.0,5594.0
33396,53662.0,2005-08-27,6.440729232154816,572654.340000016,55675,693814.2800000239,243294.12000015535,53662.0,2013.0
1426212,53003.0,2005-08-27,8.569826281569322,528862.2199999685,56298,877662.5699999327,266346.5899999665,53003.0,3295.0
6043753,51897.0,2005-08-27,30.138717072914613,3308576.730000001,60019,2827493.220000753,255338.77999995032,51897.0,8122.0
6919400,51798.0,2005-08-27,11.57185520589801,1446079.3799999978,59740,1347542.1399997978,200147.03000006077,51798.0,7942.0
4016074,51753.0,2005-08-27,57.67485449085389,3941956.0,54945,4779893.830000057,1035660.110000031,51753.0,3192.0
6713105,51516.0,2005-08-27,1.7481172810401637,103134.99000000935,53035,153142.64000000045,48687.97999999915,51516.0,1519.0
8340973,49029.0,2005-08-27,12.164876232120358,966623.8199999967,53972,1290384.3999999822,376975.1200000002,49029.0,4943.0
5119207,48571.0,2005-08-27,10.50960503388328,641151.7699999925,51650,1043646.6599998896,363044.9000000582,48571.0,3079.0
6014375,48022.0,2005-08-27,10.525043090855954,998476.3599999247,54768,942456.18999996,125886.87000000865,48022.0,6746.0
3216218,47793.0,2005-08-27,5.937591595137423,500147.61999998055,52541,459999.7199998482,66313.2800000171,47793.0,4748.0
1826905,46955.0,2005-08-27,31.597681793954134,1549783.7399999283,52532,2297035.9300001087,89434.6300000082,46955.0,5577.0
3213321,45941.0,2005-08-27,14.6760269519513,1003337.7899999617,50757,1205481.0400000594,195219.76000001357,45941.0,4816.0
4810170,43551.0,2005-08-27,8.086361576011486,417836.81999990577,45888,559808.7299998862,124150.67000001983,43551.0,2337.0
716214,42589.0,2005-08-27,12.402014242115841,1075592.8299999898,47184,1262426.239999995,417226.82,42589.0,4595.0
8350973,42315.0,2005-08-27,15.366856724228155,1000449.3699999605,47775,1284508.799999948,224005.53999997073,42315.0,5460.0
7032745,41683.0,2005-08-26,24.697884247587588,2277891.7199999997,46012,1603278.4199997524,140224.93000004237,41683.0,4329.0
4319403,41650.0,2005-08-27,4.474680529715761,494862.0,45685,420997.4799999271,141752.79999998186,41650.0,4035.0
8513525,41538.0,2005-08-27,17.259221580850557,763725.6299998814,47468,1272044.0199998238,117079.79000000405,41538.0,5930.0
6011254,41173.0,2005-08-27,21.60185606149775,1309828.0,42671,1341376.9599999944,295324.64000004256,41173.0,1498.0
1916344,40238.0,2005-08-27,1.5113697992013668,150134.99999999968,40787,178397.3400000078,111535.50000009451,40238.0,549.0
212785,40104.0,2005-08-27,13.265188740948366,836217.6099999755,42810,1234301.1500000586,495026.55999998836,40104.0,2706.0
5016699,39666.0,2005-08-27,40.90088434592803,3245686.960000055,43535,3242845.7900004024,862755.1499999537,39666.0,3869.0
934938,39420.0,2005-08-27,10.534114855586628,647286.5699999735,41513,756792.1199999711,230810.07000001174,39420.0,2093.0
9715889,38487.0,2005-08-27,5.717296198007866,484126.3499999866,40321,438134.85999999166,151078.51999998238,38487.0,1834.0
1139403,38337.0,2005-08-27,2.866340159616655,169904.27999999392,39846,207833.16999999326,76861.59999995505,38337.0,1509.0
1954376,37823.0,2005-08-27,13.256791243511568,1129164.9600000002,44310,1037690.219999948,165025.51999994484,37823.0,6487.0
9016189,37013.0,2005-08-27,13.220843559446223,865588.0,39523,869747.0,233598.60000001808,37013.0,2510.0
726001,36953.0,2005-08-27,14.902002723801647,1282973.8899999822,41119,1332494.6199999836,420462.0499999966,36953.0,4166.0
13116,36918.0,2005-08-27,12.794985964572646,514126.9699999929,41324,939183.2800000415,175417.09999999002,36918.0,4406.0
8416189,36820.0,2005-08-27,8.32883542906163,462426.3299999146,39843,671319.2499999402,227397.4800000106,36820.0,3023.0
8614937,36753.0,2005-08-27,2.224289112534343,160722.4399999678,38255,194529.18999997308,90681.52999999477,36753.0,1502.0
9820090,36745.0,2005-08-27,2.630995439942085,176959.89000000534,38596,183979.24000000022,63346.69999997076,36745.0,1851.0
9014533,36217.0,2005-08-27,28.65079665855166,1308324.0,37469,1467639.4400000004,284227.7399998722,36217.0,1252.0
3011308,34396.0,2005-08-27,13.914940075776547,1037757.7599999807,38799,1152116.049999967,348483.2099999362,34396.0,4403.0
113731,34239.0,2005-08-27,2.7278995969003272,93996.17999999982,34979,143545.58000000587,40852.99999999579,34239.0,740.0
613313,33686.0,2005-08-27,15.7953161182469,709745.4999999257,38261,1138736.1399999117,237340.03000002424,33686.0,4575.0
316217,33385.0,2005-08-27,9.368164569543554,467454.0399999806,35207,635170.6199999466,236737.83000001725,33385.0,1822.0
16561,32369.0,2005-08-27,15.879976798144654,1472074.3799999943,34480,1518153.8899999831,781254.889999966,32369.0,2111.0
3516211,31836.0,2005-08-27,4.13924348866522,108879.97999999666,32597,173172.17999999912,29904.059999991216,31836.0,761.0
8016948,31270.0,2005-08-27,2.131803604153758,100357.65000000941,32740,131826.98000000877,49118.55000000729,31270.0,1470.0
6916210,31087.0,2005-08-27,22.02306289120315,1300394.1199999894,33550,1445701.1899999985,473920.2899999391,31087.0,2463.0
619402,30970.0,2005-08-27,56.928412922483965,2625545.4500000477,37547,3251089.0600008653,-129961.22000001215,30970.0,6577.0
1510974,29479.0,2005-08-27,18.04917049860246,469650.70999998756,33273,773067.5899999192,-25057.31999999452,29479.0,3794.0
7510902,28952.0,2005-08-27,39.237726235047674,2379488.5500000035,32853,2668524.0900000166,753265.1899999635,28952.0,3901.0
7236341,28879.0,2005-08-27,3.172897792094643,103930.16000000006,29802,114040.78000000087,9346.48000000005,28879.0,923.0
86288,28503.0,2005-08-27,28.54460142067873,1685421.8499999181,31675,1735509.2899998715,493904.3399999588,28503.0,3172.0
417318,28435.0,2005-08-27,12.788826684963986,460844.3699999905,32063,740912.2700000176,151000.49999999884,28435.0,3628.0
1816341,28315.0,2005-08-27,19.983622118662876,753915.9699999869,31973,1041347.7099999626,124623.74000003046,28315.0,3658.0
6525973,27342.0,2005-08-27,33.77854193227568,1254990.4400000025,32159,1694572.3999999936,44930.40999999117,27342.0,4817.0
1019403,27321.0,2005-08-27,7.2986350684570045,540224.0,28778,535922.4799999989,269106.35999993235,27321.0,1457.0
5010255,26946.0,2005-08-27,29.608384357100423,1438385.5899999863,30378,1759269.23999995,447041.179999986,26946.0,3432.0
9036489,26269.0,2005-08-27,16.715958256259604,859306.7899999814,28651,918534.2699999769,276405.04999998026,26269.0,2382.0
5319400,25855.0,2005-08-27,9.613195285826842,401107.9599999996,27237,402936.8699999982,78542.36999998323,25855.0,1382.0
2112764,25700.0,2005-08-27,6.8708634545520235,232664.57999997766,27251,366895.6999999474,134689.54000001395,25700.0,1551.0
110434,25016.0,2005-08-27,12.976838268477131,511534.5599999989,28807,1007085.3599999641,349047.65999998077,25016.0,3791.0
3923115,24824.0,2005-08-27,46.729749347258526,1134907.4599999997,28725,1661708.0899998862,-162058.70000001576,24824.0,3901.0
115690,23900.0,2005-08-27,72.77271116756398,2861515.7599999886,29917,3148474.1700003436,-531602.4700000095,23900.0,6017.0
11131,23724.0,2005-08-27,11.667421295956256,464377.0799999817,27254,773923.8599999871,234808.52000000194,23724.0,3530.0
2012828,23389.0,2005-08-27,4.523986554486532,210035.62999999634,24841,277645.8599999908,130165.6500000036,23389.0,1452.0
6413115,23187.0,2005-08-27,23.72675973260191,643560.6199999889,25430,865050.2599999785,96059.66000000708,23187.0,2243.0
122766,23036.0,2005-08-27,12.356500948308733,426623.2199999952,24781,576688.0899999982,181988.02000002417,23036.0,1745.0
719402,22859.0,2005-08-27,5.759593675824016,630742.8499999599,24857,750180.439999985,476763.91999994154,22859.0,1998.0
2160642,22541.0,2005-08-27,5.893975183075714,235444.30999999738,24580,332528.1999999604,129522.63000001729,22541.0,2039.0
8011482,21634.0,2005-08-27,6.360366005477675,300709.0,24098,277085.5999999847,60563.18000001341,21634.0,2464.0
9511276,21596.0,2005-08-27,23.244050400533734,596947.8799999857,23968,854710.309999955,120739.7900000226,21596.0,2372.0
7025617,21180.0,2005-08-27,1.8022254389246457,98881.0,21416,97491.2500000001,56285.789999998546,21180.0,236.0
316341,20958.0,2005-08-27,41.64299869569199,1172483.9199999927,24534,2162810.219999972,497071.18999994826,20958.0,3576.0
4239203,20100.0,2005-08-27,12.03120712155261,213832.43999999756,21456,402875.0999999447,80859.45999999497,20100.0,1356.0
11566,19788.0,2005-08-27,5.5907059769245775,173257.5899999994,21148,265886.26999999204,104354.50000000186,19788.0,1360.0
14636,19746.0,2005-08-27,15.687031222359504,366385.53999999334,22612,577149.4200000038,53452.989999999976,19746.0,2866.0
1516341,19745.0,2005-08-27,8.94318620014713,168530.33999999735,20435,236375.36999998702,34589.80000000647,19745.0,690.0
33272,19715.0,2005-08-27,32.52263625174559,620000.9299999904,22752,951364.229999995,-65690.72999998897,19715.0,3037.0
2513314,19577.0,2005-08-27,6.879826137632946,167230.269999997,20591,216334.85999996602,54804.23999999803,19577.0,1014.0
9116209,19458.0,2005-08-27,12.951019014651825,317917.8399999731,21089,401365.35999998485,58428.399999998284,19458.0,1631.0
1016208,19308.0,2005-08-27,9.696504288329956,216544.31999997565,20754,321853.3599999747,64633.2899999953,19308.0,1446.0
1212628,19260.0,2005-08-27,6.786851796556186,121296.7700000236,20094,175288.08999999272,21167.410000005664,19260.0,834.0
6812250,18746.0,2005-08-27,15.230932490404081,834228.3099999968,22145,842417.1899999973,244496.08999999805,18746.0,3399.0
5616208,18674.0,2005-08-27,36.86361343339804,1532004.8499999992,21052,1560488.8500000013,430713.8400001313,18674.0,2378.0
6516218,18325.0,2005-08-27,10.22246254538019,278289.95999994973,19557,320493.07999994815,76252.32000000251,18325.0,1232.0
8016212,18141.0,2005-08-27,10.047297098968645,257254.9999999777,20441,376114.9599999799,75063.20000000052,18141.0,2300.0
616344,18136.0,2005-08-27,3.8484623174501627,83565.46000000152,18762,146431.9100000023,62274.879999997574,18136.0,626.0
132766,18093.0,2005-08-27,12.82601214679308,319672.3499999961,19429,494872.1400000001,170979.92999996594,18093.0,1336.0
9116189,17745.0,2005-08-27,15.052460116294554,276081.399999991,20121,427994.8699999907,-1323.2600000007553,17745.0,2376.0
1511891,17527.0,2005-08-27,17.81903748838171,543139.2399999949,19366,660135.5199999869,179989.73999999356,17527.0,1839.0
2116177,17465.0,2005-08-27,23.307302938488913,559791.649999977,20793,909568.7399999602,112395.63000000513,17465.0,3328.0
3813315,17420.0,2005-07-29,4.023200965334284,96443.65000000029,18232,100461.36000000237,18157.579999995556,17420.0,812.0
8017013,17361.0,2005-08-27,17.838993994739738,433964.1499999991,20149,826106.8800000047,218372.8900000101,17361.0,2788.0
5579206,17280.0,2005-08-24,3.2900000000007457,99612.0,17760,108398.39999999477,42917.9999999869,17280.0,480.0
11867,16940.0,2005-08-27,11.622304325437637,295681.9499999914,19420,435284.5899999925,80460.66000000002,16940.0,2480.0
8226339,16647.0,2005-08-27,9.554649503211984,156889.23000000094,18217,230379.329999999,13817.099999998823,16647.0,1570.0
6114938,16382.0,2005-08-27,22.93681986657019,399621.849999997,18886,609494.1099999853,-3718.169999999612,16382.0,2504.0
423115,16239.0,2005-08-18,24.895359141788237,456110.0,17152,765203.7900000018,252776.0899999605,16239.0,913.0
4015913,16136.0,2005-08-27,26.051382096069535,554557.7000000014,18320,998196.8700000221,255933.37000000867,16136.0,2184.0
13109,15900.0,2005-08-27,5.729251760051111,211035.1299999996,17187,242419.46000000084,104217.8100000014,15900.0,1287.0
7516185,15777.0,2005-08-27,15.45405571372746,303349.24999999243,17913,391243.23999998375,14188.920000001248,15777.0,2136.0
813115,15720.0,2005-08-27,25.49807890813208,556779.6599999834,17438,767032.869999977,157768.90999999843,15720.0,1718.0
2054867,15720.0,2005-08-27,80.0,2151720.0,16680,2034586.7999999847,461789.99999999115,15720.0,960.0
8043525,15403.0,2005-08-27,18.210021355186445,262831.5899999798,17326,468597.64999995456,42821.05999999699,15403.0,1923.0
2726341,15354.0,2005-08-27,20.707232697036535,475259.4599999729,17078,575740.5799999858,99811.05999998997,15354.0,1724.0
326217,15311.0,2005-08-27,11.081863169616845,203979.1699999944,16166,346047.03999997803,126871.93999998635,15311.0,855.0
2713116,15097.0,2005-08-27,12.76874642516657,240671.62000000424,16784,438815.9399999894,122624.30000000009,15097.0,1687.0
9729207,15048.0,2005-08-27,21.51712752364342,359087.5,15652,600107.479999998,202982.51999997225,15048.0,604.0
419404,14632.0,2005-08-27,12.636055771968506,318589.8599999689,16173,359602.6899999741,77959.51999999896,14632.0,1541.0
8916219,14559.0,2005-08-27,6.228945910289544,265869.0,15160,255462.03000000012,140400.20999998855,14559.0,601.0
313338,14496.0,2005-08-27,31.1213782015118,529043.3899999982,17726,867809.7199999761,-49394.43000000054,14496.0,3230.0
6416489,14233.0,2005-08-27,23.463368258859777,727591.25,16225,712825.1700000009,157455.26000000015,14233.0,1992.0
9011646,13824.0,2005-08-27,22.574933333333334,621588.75,15000,549750.399999999,97875.18000000042,13824.0,1176.0
4829207,13784.0,2005-08-26,10.037727066156414,305957.3399999934,15403,276359.52000000584,49248.009999980655,13784.0,1619.0
1411309,13432.0,2005-08-27,10.44633254250696,259364.37999999223,15174,321276.8399999934,71120.30999999982,13432.0,1742.0
5217112,13394.0,2005-08-27,25.65097624992037,796593.23,15621,666242.2599999816,126253.76000000862,13394.0,2227.0
8013525,13327.0,2005-08-27,18.141024880316426,281045.2799999802,14831,443067.1599999632,72971.90000000488,13327.0,1504.0
5511254,13309.0,2005-08-27,24.295502927091427,539749.5399999949,15032,651673.6899999947,130195.65000001522,13309.0,1723.0
1513323,13047.0,2005-08-27,15.0,418870.3299999206,13967,418244.32999992074,153557.73000000732,13047.0,920.0
3816339,13044.0,2005-08-27,8.001752740910337,132252.54000000854,13864,188033.83999999374,51290.899999990885,13044.0,820.0
916212,13016.0,2005-08-27,21.454891917293676,274827.84999999416,14896,478504.8599999879,26333.51000000081,13016.0,1880.0
3310690,12927.0,2005-08-27,13.02224760450042,232512.91999999795,14402,405578.6600000147,114665.77000001207,12927.0,1475.0
4616174,12530.0,2005-08-27,21.333778664007806,410116.4299999745,15045,650695.9999999797,90671.40000000299,12530.0,2515.0
3114937,12514.0,2005-08-27,13.382129823511812,224313.82999999987,13372,329378.47000000026,98228.37000000032,12514.0,858.0
23272,12483.0,2005-08-27,51.102923749051996,636846.7299999895,14649,919412.9399999953,-127671.63000001287,12483.0,2166.0
8016880,12450.0,2005-08-27,27.12962559860688,463940.7999999787,13782,668213.3599999822,152434.64000000033,12450.0,1332.0
5449205,12201.0,2005-07-27,5.198957800512253,48135.0,12512,138424.93000000098,65858.04999999318,12201.0,311.0
5316178,12179.0,2005-08-27,8.062446210359733,142288.47000000137,13339,231813.88999999437,77708.29999999468,12179.0,1160.0
3613321,12112.0,2005-08-27,3.2611064380463213,76686.0,12364,76008.69999999997,31828.38000000259,12112.0,252.0
4016638,12091.0,2005-08-27,4.4037862262387035,114638.0,12836,113714.75000000001,44422.5099999999,12091.0,745.0
7526185,12071.0,2005-08-27,16.306012777151448,252162.3300000004,13305,337042.17999999126,46772.480000001284,12071.0,1234.0
7212685,12067.0,2005-08-27,6.4671150802622615,91961.43000001495,13269,154595.27000000788,36571.660000006086,12067.0,1202.0
914938,12017.0,2005-08-27,9.456915478371508,166408.52999999735,12553,193598.8899999936,55069.209999996594,12017.0,536.0
6246220,11984.0,2005-08-27,11.14029255319149,334643.2999999984,12784,259394.3899999996,83517.8900000001,11984.0,800.0
16389,11983.0,2005-08-27,7.4002795936047905,131013.27000000048,12697,158174.34000000078,42878.38999999962,11983.0,714.0
6014738,11876.0,2005-08-27,53.15286227875571,914888.96,14464,1132426.7999999775,-57526.420000001286,11876.0,2588.0
22942,11779.0,2005-08-27,18.3538581065716,261808.22999999745,13193,393366.75999999995,55355.1899999992,11779.0,1414.0
6081552,11496.0,2005-08-27,13.646269011406844,326789.54000000004,12624,303455.15999998676,76601.86000000009,11496.0,1128.0
4017005,11274.0,2005-08-26,9.607363485476528,232634.36,12050,223906.45999999956,72408.82999998485,11274.0,776.0
15849,11134.0,2005-08-27,8.161494984876471,205976.0,12562,167109.02000000016,20950.320000000836,11134.0,1428.0
7819208,11128.0,2005-08-27,4.213399568034637,59789.98999999981,11575,95635.54999999964,36255.2499999978,11128.0,447.0
6713115,11039.0,2005-08-27,21.638578744123574,337258.64999999467,11912,440493.27999999735,106358.31000000057,11039.0,873.0
427318,11034.0,2005-08-27,8.821082621082677,97973.62000000542,11583,134285.11000000747,18509.609999999993,11034.0,549.0
5237112,11020.0,2005-08-27,12.293235767374398,330313.0,13051,324691.9999999872,65570.17999999947,11020.0,2031.0
7640476,10888.0,2005-08-27,17.000472877908887,239121.62999999963,12794,490209.6400000001,117961.05000000546,10888.0,1906.0
3514935,10681.0,2005-08-27,2.4488573534832287,56308.0,10852,55818.75,27413.75,10681.0,171.0
7169403,10582.0,2005-07-30,34.369999999996345,295020.0,11026,356571.5900000023,-52391.63000000811,10582.0,444.0
3111128,10471.0,2005-08-27,15.424720690269096,274706.2599999736,11242,317039.70999998966,98615.46000000133,10471.0,771.0
73396,10354.0,2005-08-27,13.033399175540513,281826.48000000033,11644,307951.58999999723,80366.48999999696,10354.0,1290.0
3734759,10253.0,2005-08-27,17.19072258300237,355434.9300000011,10933,354675.7600000007,120725.77000002471,10253.0,680.0
16341,10107.0,2005-08-27,6.898954506922836,119710.92000000083,10617,135872.06000000046,43959.97999999981,10107.0,510.0
6719400,10034.0,2005-08-14,2.2799999999998595,25008.75,10179,70020.5,44347.38000000629,10034.0,145.0
2412766,9938.0,2005-08-27,13.763302056677766,292104.7099999978,10551,347928.58999999915,158685.20999999373,9938.0,613.0
9216215,9854.0,2005-08-27,22.02515028288543,352124.1099999828,11312,515578.79000000306,124826.88999999958,9854.0,1458.0
4829400,9691.0,2005-08-27,1.7804034411155516,59579.0,10113,92114.54999999658,65257.53000000508,9691.0,422.0
7416174,9492.0,2005-08-27,8.578690667739341,82869.24000000556,9944,123237.72000001764,23279.260000003178,9492.0,452.0
4216215,9463.0,2005-08-27,7.188454627133872,73477.89999999887,10017,91310.40000000759,9392.049999998673,9463.0,554.0
614761,9416.0,2005-08-27,29.012349799732977,237521.2000000029,10486,405600.46999997937,10508.649999999525,9416.0,1070.0
34760,9378.0,2005-08-26,12.048345814769172,237353.75,10549,225227.38999999312,43703.390000000916,9378.0,1171.0
5689403,9307.0,2005-08-11,7.561036269430091,74268.75,9843,123006.14999999883,32018.66999999495,9307.0,536.0
5429206,9065.0,2005-08-27,7.090810810810433,156880.0,9805,152602.8000000001,59397.40000000261,9065.0,740.0
4616219,9030.0,2005-08-27,14.071595639247393,118478.3199999987,10090,242838.39999999694,43228.02000000041,9030.0,1060.0
5616222,8983.0,2005-08-27,25.769452201933404,195675.5,9310,334936.2400000001,71694.63999999998,8983.0,327.0
43272,8917.0,2005-08-27,50.36804426598336,520484.02999999525,10211,742987.7599999993,34102.100000004226,8917.0,1294.0
1813316,8899.0,2005-08-27,7.322762605042018,74425.41999999978,9520,131345.96000001972,43933.40000000101,8899.0,621.0
8514911,8845.0,2005-08-27,27.327430406858106,423984.0,9340,427624.0,128199.80000001697,8845.0,495.0
55982,8827.0,2005-08-27,16.824560960839726,359224.25,9908,350466.14000000124,111164.3899999997,8827.0,1081.0
116341,8823.0,2005-08-27,8.611562903920724,128754.4100000217,9284,155659.91000000166,59861.27999999444,8823.0,461.0
9212766,8818.0,2005-08-27,25.00309253966917,302267.52999999956,10147,566718.2199999988,153669.25999999075,8818.0,1329.0
7913313,8785.0,2005-08-27,15.5908183776005,103064.22000000016,9751,139775.1800000019,-44889.79000000407,8785.0,966.0
814935,8699.0,2005-08-27,9.321916752312436,112245.30000001339,9730,155830.47000000236,29959.400000002912,8699.0,1031.0
8742769,8685.0,2005-08-27,3.418885617214435,19092.730000000083,8830,44575.620000000396,12913.519999998323,8685.0,145.0
8919208,8463.0,2005-07-04,2.931008150049631,22392.5,8957,66234.53999999892,31577.920000005597,8463.0,494.0
1189403,8399.0,2005-08-24,9.699999999998356,68542.5,9139,102209.91000000096,-5130.789999999195,8399.0,740.0
8810433,8357.0,2005-08-27,5.537886748394629,46341.2000000015,8565,66951.489999999,15557.489999999734,8357.0,208.0
17031,8301.0,2005-08-02,52.27394598795415,314022.5,10294,626193.1500000024,-222568.71000000383,8301.0,1993.0
2416220,8242.0,2005-08-27,13.875169220593099,229299.9799999848,9071,260334.2899999869,83803.19000000035,8242.0,829.0
2116222,8225.0,2005-08-26,14.540401955459094,254298.75,9205,262687.15000000136,71527.0699999997,8225.0,980.0
9216217,8193.0,2005-08-27,13.68522818791883,126098.81000000327,8940,159837.40999999468,9959.149999999652,8193.0,747.0
4310974,7994.0,2005-08-27,12.378320746335334,164246.81999999817,9004,330817.3500000015,145589.80999999846,7994.0,1010.0
3534933,7931.0,2005-08-27,3.9542972032169006,47838.07000000384,8331,51368.78000000156,12475.830000000076,7931.0,400.0
8711454,7890.0,2005-08-27,12.320616493196452,90737.41000000782,8743,225742.7899999995,65985.91999999281,7890.0,853.0
5316434,7810.0,2005-08-27,3.3579117464267134,53823.14999999991,8045,52774.879999999794,22660.699999997985,7810.0,235.0
6823314,7765.0,2005-08-26,22.376241420635864,455900.0,9179,393008.00999999075,91115.94999998005,7765.0,1414.0
3113687,7437.0,2005-08-27,16.903388235293498,207563.25,8500,265663.159999999,47426.680000000204,7437.0,1063.0
4216212,7416.0,2005-08-27,7.323028883684621,44407.22999999996,7686,68363.77999999996,6516.240000000009,7416.0,270.0
6111277,7313.0,2005-08-27,37.882162968264204,638590.7500000035,8382,655695.0799999974,167708.87,7313.0,1069.0
8716189,7295.0,2005-08-27,9.461683118830464,84189.64999999983,8003,131451.57000000353,29232.560000000947,7295.0,708.0
3616220,7255.0,2005-08-27,8.34459974587039,78323.17000000017,7870,94184.43999999968,14303.140000000047,7255.0,615.0
3123687,7233.0,2005-08-27,10.646682558601386,197526.41999999998,7551,193299.58999999985,94322.48999999973,7233.0,318.0
8313313,7146.0,2005-08-27,4.806561393955894,32310.760000003804,7346,45775.03999999872,7792.419999999494,7146.0,200.0
3212766,7135.0,2005-08-27,8.465066155068433,71426.6400000023,7558,94050.23000000621,17312.360000000805,7135.0,423.0
7919403,7111.0,2005-08-27,4.336677171310281,77371.35000000011,7933,147252.7299999994,74505.55000000345,7111.0,822.0
4014658,7104.0,2005-08-27,10.785871461156677,75022.71000000107,7453,94587.8600000092,2986.859999999315,7104.0,349.0
1313322,7074.0,2005-07-25,27.600000000003668,347760.0,7560,347232.1499999999,93864.14999999222,7074.0,486.0
1116188,7008.0,2005-08-27,9.124031413612679,74802.43000000063,7640,107790.95000000915,19698.150000000034,7008.0,632.0
2027178,6988.0,2005-08-27,16.564947331460495,137185.5700000003,8544,221584.19999999792,-12788.909999999532,6988.0,1556.0
10904,6871.0,2005-08-27,16.501267044768916,267833.5,8287,254711.30999999912,31570.87000000015,6871.0,1416.0
3816210,6811.0,2005-08-27,33.88856499271234,428679.8399999966,7547,473831.87999999645,120684.59999999993,6811.0,736.0
8413312,6765.0,2005-08-27,5.33265392184425,96213.70000000317,7114,100841.17000000236,52474.18999999946,6765.0,349.0
3510702,6515.0,2005-08-27,13.586072967150775,187889.00999999954,7428,215173.41999999929,60537.41000000419,6515.0,913.0
8012569,6466.0,2005-08-27,6.924285079271003,33822.07000000188,6749,71621.59000000116,17706.66999999972,6466.0,283.0
5116219,6461.0,2005-08-27,8.28638548951049,89378.2800000045,6864,94193.1200000055,24520.810000001933,6461.0,403.0
216176,6447.0,2005-08-27,18.349344428364926,137762.51000000053,6910,203005.24999999936,44684.51999999946,6447.0,463.0
9513319,6309.0,2005-08-27,18.926067939932935,164712.7599999996,6859,231874.28999999983,60245.01000000004,6309.0,550.0
6126185,6268.0,2005-08-27,18.456662108781526,172547.5,6582,191368.09999999986,52111.350000000006,6268.0,314.0
19402,6204.0,2005-08-27,33.025737704914036,291200.0,6832,635601.04,238982.6400000271,6204.0,628.0
3412765,6048.0,2005-08-27,13.583092253295776,155703.41999999993,6222,158350.3099999993,63279.91000000093,6048.0,174.0
7929208,5988.0,2005-08-27,2.8838988764047224,29707.5,6230,55275.6199999981,32064.010000001428,5988.0,242.0
7420461,5986.0,2005-08-27,16.705431776275095,156108.90000000107,6508,188079.23999999845,48532.92999999863,5986.0,522.0
4716210,5981.0,2005-08-27,5.400194269062652,61312.80999999861,6177,62085.28999999872,24874.570000000607,5981.0,196.0
3616184,5914.0,2005-08-27,27.135783872902458,229819.37999999739,6672,370362.82999999955,101225.64000000099,5914.0,758.0
8011235,5900.0,2005-08-27,21.28859910581222,221086.07999998902,6710,304369.2200000007,81434.70000000032,5900.0,810.0
6015582,5877.0,2005-08-27,12.0,96590.76000000413,6774,172903.5699999987,47608.75000000147,5877.0,897.0
5513117,5869.0,2005-08-27,27.048185047883944,245611.27999999933,6474,297091.1599999976,61967.49000000066,5869.0,605.0
7513317,5785.0,2005-08-27,5.688877187297472,44794.969999999965,6172,65625.62999999971,21747.580000000027,5785.0,387.0
8816221,5775.0,2005-08-27,12.733802133850405,85074.53000000207,6186,123898.08000000578,29970.759999998416,5775.0,411.0
6816221,5770.0,2005-08-27,17.91361928104575,182667.5200000006,6120,225840.35999999955,87961.25000000015,5770.0,350.0
6816342,5728.0,2005-08-27,20.206242255266417,224425.54999999836,6456,272528.01999999944,73192.32000000018,5728.0,728.0
1626222,5718.0,2005-08-27,65.1249809014515,317475.26999998646,6545,597590.3099999831,1208.4099999994316,5718.0,827.0
7444055,5649.0,2005-08-27,14.776020700636925,126028.06999999995,6280,245963.3700000004,104100.88000000308,5649.0,631.0
9816175,5624.0,2005-08-27,25.618125885130926,358430.61999999086,6355,378322.2299999982,126246.35999999316,5624.0,731.0
6515238,5621.0,2005-08-15,11.637189531859631,176376.24,6152,150235.27999999942,58063.96999999988,5621.0,531.0
13315,5598.0,2005-08-27,10.358310249307626,93374.04000000395,6137,130398.69000000204,42907.81999999905,5598.0,539.0
7620777,5580.0,2005-08-27,15.525903614457832,98351.99000000136,6225,154499.93999999826,23195.17000000033,5580.0,645.0
7816208,5521.0,2005-08-27,12.272464764523322,119002.0,5818,118818.0,34020.799999998955,5521.0,297.0
5469206,5504.0,2005-08-27,3.8823868023867942,34831.3100000002,5698,35351.460000000145,9989.620000001303,5504.0,194.0
5147083,5479.0,2005-08-26,23.828081123244928,305436.0,6410,284551.5599999996,65076.36000000034,5479.0,931.0
1616222,5465.0,2005-08-27,76.36099660074203,399308.3299999897,6472,715249.1799999848,-11123.689999999784,5465.0,1007.0
8916221,5448.0,2005-08-27,6.228863436123173,36347.20000000208,5675,47746.569999999876,7611.1099999995895,5448.0,227.0
6612767,5313.0,2005-08-27,6.002958363768945,67305.65999999997,5476,76923.04000000069,38949.04000000107,5313.0,163.0
1679206,5262.0,2005-07-29,4.979094326114182,27348.5,5587,57831.85000000028,19478.790000000106,5262.0,325.0
5016208,5206.0,2005-08-27,4.488818722139675,48791.15999999886,5384,50262.139999998304,22840.70000000153,5206.0,178.0
1013023,5201.0,2005-08-27,43.95085718854962,261799.69999999081,6253,440355.2899999912,3176.7000000004655,5201.0,1052.0
3311144,5196.0,2005-08-27,12.616892098555555,61890.31999999886,5885,109212.64000000352,5572.949999999844,5196.0,689.0
2214029,5179.0,2005-08-27,7.5479267635972,41829.43000000045,5571,75157.4200000005,21388.040000000638,5179.0,392.0
4916175,5142.0,2005-08-27,19.804978759558605,105857.73000000197,5885,165025.98999999993,-780.0300000002843,5142.0,743.0
1013117,5102.0,2005-08-21,16.75658135283364,97991.430000003,5470,136947.7299999987,24099.18999999973,5102.0,368.0
5215421,5090.0,2005-08-25,23.666583040642248,310655.0,5979,242503.59999999363,33272.50000000034,5090.0,889.0
5869208,5054.0,2005-08-27,6.099999999999439,18677.220000000038,5142,17590.080000000286,-14237.240000000214,5054.0,88.0
5316219,5039.0,2005-08-27,25.611668722466682,179971.00999999966,5675,335676.62000000017,115403.46000000389,5039.0,636.0
5515994,4940.0,2005-08-27,26.111391349660636,149884.3800000006,5757,297193.8799999958,55859.28000000009,4940.0,817.0
8319401,4939.0,2005-08-27,32.75103062629425,187090.25,5812,212228.5799999993,-53777.77000000912,4939.0,873.0
2124571,4931.0,2005-08-27,3.8108687727821486,24082.84,4938,43102.5199999999,24207.65000000194,4931.0,7.0
5316220,4801.0,2005-08-27,5.281876072450209,60456.48999999992,5245,66132.90000000026,25381.859999999037,4801.0,444.0
1213322,4796.0,2005-08-13,12.0,99880.0,4994,96680.10000000003,28832.099999999988,4796.0,198.0
9113322,4781.0,2005-08-27,10.312160257700825,99584.72000000307,4967,113863.1800000015,44380.05999999874,4781.0,186.0
819404,4759.0,2005-08-27,1.8146585516814224,34943.660000000236,4847,35810.260000000126,25254.61000000016,4759.0,88.0
1316212,4619.0,2005-08-27,6.0660078237595405,19033.119999999748,4857,44188.97000000175,9683.189999999731,4619.0,238.0
4023396,4600.0,2005-08-26,12.559553659987934,130420.24000000062,5041,138974.89999999982,50471.89000000127,4600.0,441.0
6813319,4588.0,2005-08-27,9.639294403892944,88257.6600000035,4932,104392.7200000039,41977.2799999989,4588.0,344.0
135348,4586.0,2005-08-27,25.981300345223968,164980.0,5214,319425.65000000235,105652.81000000116,4586.0,628.0
4910866,4552.0,2005-08-27,25.695991112828217,113707.24000000005,5176,157514.23999999958,-18589.090000000226,4552.0,624.0
8119403,4503.0,2005-08-27,12.274889821614755,104475.86000000006,4765,117000.89000000249,45708.56000000302,4503.0,262.0
115362,4479.0,2005-08-27,147.06380263717568,1439108.0,4702,1280762.2899999996,462565.7899999998,4479.0,223.0
5835232,4450.0,2005-08-27,11.9809670781893,88024.40000000001,4860,114499.54999999999,37015.05,4450.0,410.0
7045883,4411.0,2005-08-27,272.7790624343073,1696173.6500000407,4757,1507257.920000006,-34887.59999999957,4411.0,346.0
76561,4374.0,2005-08-27,21.050000000001802,186503.8699999997,4803,219359.60999999914,76688.97999999518,4374.0,429.0
6515973,4327.0,2005-08-27,50.50929107424921,206522.2799999994,5064,326424.68999999674,-36152.73999999899,4327.0,737.0
5616213,4320.0,2005-08-27,26.23728813559457,196080.0,4484,196080.0,63191.99999999753,4320.0,164.0
7113317,4281.0,2005-08-27,18.647797029702975,71488.58999999997,4848,108462.80000000067,-11595.500000000204,4281.0,567.0
52166,4263.0,2005-08-27,16.151462886821022,111653.82000000043,4621,126829.4900000003,28886.30000000002,4263.0,358.0
4335522,4262.0,2005-08-27,5.113907734056731,18246.0,4422,30957.440000000184,5455.739999999805,4262.0,160.0
6813116,4217.0,2005-08-27,42.545079365077584,185321.93999999872,4851,315329.03999999247,16182.11999999987,4217.0,634.0
9626222,4211.0,2005-08-27,13.266865406006465,76136.77000000044,4495,93270.18000000081,19593.040000000117,4211.0,284.0
5329400,4182.0,2005-08-27,3.159999999999882,27241.5,4318,30985.21999999977,14688.34000000034,4182.0,136.0
1211624,4095.0,2005-08-27,32.724034891523836,307079.0,4471,282006.3699999979,97511.00999999836,4095.0,376.0
1210256,4055.0,2005-08-27,9.619897364124096,36394.02000000185,4287,56069.52999999867,8372.169999999529,4055.0,232.0
7113321,4013.0,2005-08-27,3.738426607756508,38527.260000001224,4074,39635.95000000093,23186.82000000125,4013.0,61.0
3112450,3934.0,2005-08-27,19.21540972972942,188326.0,4625,176717.40000000029,40106.12999999894,3934.0,691.0
7211456,3926.0,2005-08-27,152.9156999767063,1503419.900000008,4293,1267164.2400000014,401614.7799999998,3926.0,367.0
8514699,3899.0,2005-08-27,16.74653649465405,103851.50000000042,4302,118525.33000000058,20768.43000000022,3899.0,403.0
8227288,3842.0,2005-08-27,37.289848935683224,162207.1599999981,4369,252879.48999999583,26271.76000000025,3842.0,527.0
6216217,3841.0,2005-08-27,11.150000000000867,128520.0,4284,127500.0,53153.39999999612,3841.0,443.0
7216211,3800.0,2005-08-27,30.20229426433883,201852.0,4010,201547.20000000007,57840.00000000017,3800.0,210.0
9516211,3786.0,2005-08-27,9.510029769288023,59485.860000001,4031,63651.51000000053,14965.059999999869,3786.0,245.0
616218,3761.0,2005-08-27,7.98093112244898,26859.31000000202,3920,39248.40999999996,5022.879999999648,3761.0,159.0
5015420,3760.0,2005-08-27,16.145499262174184,123278.83999999997,4066,115035.68000000017,32033.020000000008,3760.0,306.0
7716191,3641.0,2005-08-25,6.000793440888653,22682.29999999994,3781,26559.220000000245,902.780000000005,3641.0,140.0
7916219,3571.0,2005-08-26,28.010945802336067,175488.0,3764,175625.59999999998,46828.40000000234,3571.0,193.0
7414055,3468.0,2005-08-27,12.469528205128087,66498.84000000013,3900,125835.98000000019,47210.28000000073,3468.0,432.0
8716340,3386.0,2005-08-27,29.99648351648413,125816.41,3822,237960.1899999993,66826.57000000204,3386.0,436.0
1023318,3333.0,2005-08-26,19.976190476190474,51531.30999999939,3780,58522.229999999654,-34411.28999999983,3333.0,447.0
6024375,3332.0,2005-08-27,8.797208633093527,34092.230000000665,3475,41412.55000000041,5934.629999999917,3332.0,143.0
8515392,3287.0,2005-08-27,20.64760778128286,111217.9500000013,3804,164050.27999999875,34733.26000000008,3287.0,517.0
5315232,3283.0,2005-08-27,4.00555879778223,23695.35999999987,3427,26650.649999999845,10634.5000000003,3283.0,144.0
3014098,3282.0,2005-08-27,19.56092041147806,80168.87000000053,3694,97256.30000000176,-1456.9400000000346,3282.0,412.0
4915198,3274.0,2005-08-27,39.465461264713866,130084.06000000164,3653,218179.65999999887,25527.349999999515,3274.0,379.0
2429402,3267.0,2005-08-25,4.3897465990928985,38914.3400000002,3749,47988.64000000003,19643.480000000123,3267.0,482.0
9816013,3213.0,2005-08-27,10.474276004728132,76044.05,3384,82175.95,37981.0,3213.0,171.0
4759200,3188.0,2005-05-21,3.6101469365126935,10567.739999999972,3607,34271.310000000274,12083.749999999069,3188.0,419.0
9823316,3182.0,2005-08-24,6.355014326647565,47088.0,3490,45358.44999999998,14645.45,3182.0,308.0
6926216,3160.0,2005-08-27,6.453880855986093,23610.0,3458,28278.36000000032,-9.49999999999962,3160.0,298.0
4013314,3125.0,2005-08-27,4.828495630461923,20790.690000000413,3204,22379.920000000875,5752.879999999618,3125.0,79.0
9629207,3078.0,2005-03-05,3.9899999999998186,7897.5,3159,24444.630000000252,10369.620000000341,3078.0,81.0
5551254,3040.0,2005-08-27,33.44827323943801,82336.0600000001,3550,164252.53999999948,-9339.34999999988,3040.0,510.0
6713321,3000.0,2005-08-27,5.59715370018975,22103.660000000233,3162,26941.15000000072,6887.449999999855,3000.0,162.0
8259208,2982.0,2005-08-27,13.559999999999867,38226.480000000105,3192,41284.7400000006,-12844.859999999671,2982.0,210.0
1113115,2976.0,2005-08-27,27.946010086027886,97800.0,3371,204872.43999999977,56520.619999999784,2976.0,395.0
3714759,2955.0,2005-08-27,8.364567901234546,33933.74000000038,3078,40124.07000000045,11444.889999999978,2955.0,123.0
3112768,2919.0,2005-08-27,8.921583333333333,45547.25999999929,3000,49830.419999999445,20249.910000000647,2919.0,81.0
5613314,2903.0,2005-08-27,8.352105433376577,64156.18999999948,3092,67391.73999999983,33647.60999999964,2903.0,189.0
16223,2865.0,2005-08-06,8.964727868852426,21587.650000000292,3050,48113.63999999967,14017.999999999707,2865.0,185.0
5149208,2852.0,2005-07-02,24.813625341012365,55936.82999999996,3299,119707.2900000001,2707.0199999999536,2852.0,447.0
8624937,2840.0,2005-08-23,4.145338321405504,36652.570000000065,3074,39963.7,21010.92999999905,2840.0,234.0
8016221,2833.0,2005-08-27,12.015958466453613,38515.95000000048,3130,48901.76999999964,-55.78000000005235,2833.0,297.0
6516189,2822.0,2005-08-27,22.12741641337411,77239.48000000014,3290,113336.62999999979,4145.409999999908,2822.0,468.0
5913315,2815.0,2005-08-27,15.79672309552531,59586.15999999991,3308,106535.2800000006,23684.940000001054,2815.0,493.0
7919400,2808.0,2005-08-27,15.040000000000703,42658.92000000017,2916,46317.41999999989,-1615.6799999999325,2808.0,108.0
3512556,2788.0,2005-08-27,25.629816428127658,69427.01999999999,3214,120594.34000000064,1343.8299999999786,2788.0,426.0
2916210,2779.0,2005-08-27,17.228706385780804,81200.01999999996,3038,104416.000000001,33528.28999999956,2779.0,259.0
9912767,2777.0,2005-08-27,26.727762128326543,88729.14999999982,3195,133369.96000000028,5694.599999999784,2777.0,418.0
1729404,2776.0,2005-07-08,15.690000000000163,26994.44000000009,2796,65560.9499999983,20646.509999999987,2776.0,20.0
6813115,2762.0,2005-08-27,20.470772640911136,49086.509999999864,3158,71522.19999999917,-16201.080000000538,2762.0,396.0
2316216,2730.0,2005-08-27,7.898451249560014,30725.770000000168,2841,40614.630000000456,14534.709999999872,2730.0,111.0
6013320,2709.0,2005-08-27,7.847901721664296,16305.189999999531,2788,27714.37000000149,4169.77999999972,2709.0,79.0
3913323,2588.0,2005-08-27,32.008146341461845,185946.1699999978,3075,208179.4199999978,40268.4899999977,2588.0,487.0
7613115,2584.0,2005-08-27,4.715513983371126,12942.51999999962,2646,19838.000000000113,6588.649999999746,2584.0,62.0
1819404,2581.0,2005-08-27,13.277647675637795,85555.0,2861,65201.95999999882,15319.510000000397,2581.0,280.0
9913321,2572.0,2005-08-26,10.397969898494924,40043.18000000025,2857,53456.60999999955,11905.02999999996,2572.0,285.0
6613566,2570.0,2005-08-27,14.091478260869565,34894.689999999995,2875,64099.82999999988,9948.55000000001,2570.0,305.0
53396,2523.0,2005-08-27,6.50347043701808,25612.7199999999,2723,38661.34000000011,13137.789999999948,2523.0,200.0
3814938,2519.0,2005-08-27,45.83501560874089,146445.51000000077,2883,243204.9999999976,39567.59000000019,2519.0,364.0
3216213,2516.0,2005-08-24,7.400000000000044,53720.0,2686,35620.09999999999,8943.700000000445,2516.0,170.0
1215261,2500.0,2005-08-27,14.957983482450883,46885.339999999844,2906,94823.13000000095,21914.129999999303,2500.0,406.0
6113313,2468.0,2005-08-27,8.206747787610608,33575.819999999985,2712,42899.67999999966,13079.419999999896,2468.0,244.0
8313312,2467.0,2005-08-27,6.138389366692729,11408.90999999989,2558,19617.400000000118,2175.120000000009,2467.0,91.0
1711454,2436.0,2005-08-26,4.0,32340.0,2744,48780.20000000057,25022.7600000002,2436.0,308.0
9912086,2434.0,2005-08-06,9.9078033625731,27838.37000000035,2736,46288.3200000002,8392.689999999997,2434.0,302.0
1516222,2390.0,2005-08-26,31.32868637724551,104951.04999999893,2672,143184.19999999975,30556.810000000387,2390.0,282.0
7126222,2375.0,2005-08-27,16.931379686931198,34234.99000000002,2747,59496.400000000285,-6438.4999999999945,2375.0,372.0
3616341,2329.0,2005-08-23,18.697327652982185,70453.37999999926,2582,95484.5700000023,24371.69000000055,2329.0,253.0
416223,2318.0,2005-08-26,7.0,19177.140000000116,2451,28096.250000000782,8327.889999999788,2318.0,133.0
16287,2256.0,2005-08-27,11.813680387409155,32995.13000000137,2478,50944.09999999999,11989.339999999882,2256.0,222.0
8613314,2245.0,2005-08-26,6.149475524475524,20375.5,2288,28551.380000000023,13336.379999999994,2245.0,43.0
7095883,2189.0,2005-08-27,225.0,820273.0000000098,2325,695832.9399999988,90766.34000000013,2189.0,136.0
7055883,2158.0,2005-08-26,170.4576708207993,621719.0500000023,2327,525919.3199999991,35475.220000000016,2158.0,169.0
4513314,2143.0,2005-08-25,3.810997732426459,16970.0,2205,16990.56,7653.309999999693,2143.0,62.0
5320822,2100.0,2005-08-27,10.0,14437.5,2310,43193.85000000002,10381.35,2100.0,210.0
111245,2099.0,2005-08-27,11.219405594405595,27399.99000000084,2288,41218.81999999975,6475.499999999782,2099.0,189.0
7630476,2097.0,2005-08-27,16.935731343284107,39544.799999999916,2345,83580.94999999997,24712.459999999734,2097.0,248.0
5713116,2090.0,2005-08-27,9.772642733564028,28001.07000000076,2312,39308.50999999999,9441.479999999869,2090.0,222.0
5213318,2082.0,2005-08-19,30.03718309859248,105171.0,2130,105648.0,36484.79999999864,2082.0,48.0
8516208,2068.0,2005-08-25,10.51003674781827,30850.260000000013,2177,39116.70999999998,11109.95999999998,2068.0,109.0
9013312,2059.0,2005-08-27,31.280938175529514,90475.58000000019,2313,123851.69000000051,24851.400000000234,2059.0,254.0
4513319,2041.0,2005-08-27,15.09264184397163,33533.61999999994,2256,42864.69000000002,-1641.310000000001,2041.0,215.0
6513121,2011.0,2005-08-24,6.2929511278195065,15790.409999999943,2128,29134.110000000015,12188.770000000017,2011.0,117.0
613115,1972.0,2005-08-26,54.880968564146094,239064.78000000067,2354,255232.47000000018,44136.73000000012,1972.0,382.0
4929207,1956.0,2005-07-22,19.013131868132575,25902.75,2184,44949.00000000026,-7811.27999999991,1956.0,228.0
7035883,1949.0,2005-08-27,223.01390853371052,778563.8500000031,2121,621226.4799999994,22879.979999999967,1949.0,172.0
2819402,1925.0,2005-05-07,21.919999999998883,29006.23,2153,94518.31000000003,27501.770000001387,1925.0,228.0
9116221,1919.0,2005-08-27,1.8544584382871425,9421.869999999979,1985,9455.189999999957,5274.089999999921,1919.0,66.0
6711455,1912.0,2005-08-27,46.66551086453999,128225.23000000013,2163,186719.86000000022,39860.02000000008,1912.0,251.0
1416221,1898.0,2005-08-27,25.026267029972765,123990.0,2202,104787.96000000101,21057.8000000001,1898.0,304.0
2415761,1870.0,2005-08-27,3.863271767810218,15354.0,1895,15249.599999999999,7400.699999999658,1870.0,25.0
7419403,1854.0,2005-08-27,8.719999999999851,40030.299999999996,2075,44591.250000000065,16662.830000000507,1854.0,221.0
7022692,1839.0,2005-08-27,33.52137493905406,67893.83000000025,2051,98901.05000000076,9040.609999999975,1839.0,212.0
2939205,1826.0,2005-04-13,3.6800000000000774,4472.0,1892,14785.760000000082,6985.219999999933,1826.0,66.0
1913316,1820.0,2005-08-26,21.761262318160487,43073.169999999816,2131,68571.4099999999,1334.8999999999983,1820.0,311.0
5013050,1806.0,2005-08-27,7.69773429454171,26150.0,1942,29420.78000000005,10111.900000000001,1806.0,136.0
21131,1802.0,2005-08-27,11.015774378585085,25423.080000000107,2092,39860.170000000275,3675.1299999999956,1802.0,290.0
3716217,1794.0,2005-07-30,5.0,10999.199999999983,1840,11554.28,1503.2799999999995,1794.0,46.0
6035061,1783.0,2005-08-27,48.23892276422875,151600.11000000016,1968,156255.7399999999,28812.540000000463,1783.0,185.0
14353,1769.0,2005-08-27,16.46828358208955,26261.79000000003,1876,39514.43000000019,3085.2499999999677,1769.0,107.0
4516210,1752.0,2005-08-27,8.768186905428092,25732.38000000004,1787,26658.240000000467,10004.649999999885,1752.0,35.0
37031,1745.0,2005-08-25,48.290780141843975,217916.0,2397,227109.559999996,-14171.120000000143,1745.0,652.0
4811786,1717.0,2005-08-27,5.461240310077519,26212.0,1806,24024.29999999999,11800.00000000001,1717.0,89.0
14776,1707.0,2005-08-24,2.7426252063841488,5232.869999999992,1817,10994.280000000008,4600.63,1707.0,110.0
2069401,1680.0,2005-04-09,10.680000000000222,15187.5,2025,47871.899999999725,8289.899999999832,1680.0,345.0
8249208,1674.0,2005-03-03,4.859999999999889,11025.0,1764,30708.630000000612,18608.66999999966,1674.0,90.0
5216211,1628.0,2005-08-27,72.99867091972355,120146.97000000121,1881,159935.30999999936,-23776.729999999592,1628.0,253.0
15730,1607.0,2005-08-10,8.482911680911725,28160.13,1755,27858.73,8648.220000000045,1607.0,148.0
217310,1598.0,2005-08-27,15.941060011217061,38531.979999999996,1783,55065.73999999993,14400.92999999992,1598.0,185.0
3216174,1596.0,2005-08-27,10.112583815028934,30503.00999999999,1730,34754.55000000009,10515.239999999938,1596.0,134.0
5413317,1573.0,2005-08-27,7.0,11557.0,1651,16465.799999999967,3198.0000000000055,1573.0,78.0
1914938,1562.0,2005-08-27,21.5681456200228,26218.69999999997,1758,46577.55000000017,-3689.81,1562.0,196.0
4519404,1539.0,2005-08-27,5.564069132807553,65135.5,1649,64673.259999999995,46808.1099999984,1539.0,110.0
6913116,1535.0,2005-08-27,39.153989870568054,68823.07000000004,1777,110412.87000000152,8562.529999999828,1535.0,242.0
4814937,1534.0,2005-08-27,15.448703170028818,33887.23,1735,50599.43,11340.46999999987,1534.0,201.0
5615238,1530.0,2005-08-27,43.93321608040232,86768.0000000008,1791,138382.81,16959.29999999984,1530.0,261.0
2613322,1452.0,2005-08-14,7.758366013071987,21641.98000000001,1530,27019.04000000018,12304.739999999822,1452.0,78.0
7416343,1450.0,2005-08-27,15.278571428571427,28766.31999999982,1512,35895.830000000045,9841.769999999982,1450.0,62.0
3913317,1449.0,2005-08-27,6.5,8892.0,1512,10061.309999999987,-599.1299999999999,1449.0,63.0
7013562,1426.0,2005-08-27,20.196027895694403,33192.409999999894,1649,73806.3499999997,17696.94000000007,1426.0,223.0
7819403,1367.0,2005-08-26,7.930350404312504,18607.709999999992,1484,31699.49999999997,14255.860000000639,1367.0,117.0
8710090,1342.0,2005-08-27,6.399240231548333,18380.320000000014,1382,17341.619999999955,7697.870000000148,1342.0,40.0
2713322,1342.0,2005-08-27,33.64356075373648,112144.72,1539,117355.71999999983,34452.27999999962,1342.0,197.0
1116565,1335.0,2005-08-27,15.034555712270803,37911.95000000001,1418,55078.96000000002,26149.959999999992,1335.0,83.0
1416341,1331.0,2005-08-27,5.288574577516532,12585.589999999756,1361,14929.289999999848,7086.979999999876,1331.0,30.0
4813315,1325.0,2005-08-27,6.297857142857143,12777.899999999992,1400,16607.45999999996,5174.380000000004,1325.0,75.0
5613318,1319.0,2005-05-07,8.549999999999875,8194.389999999923,1364,13730.369999999897,1078.8900000000558,1319.0,45.0
7016216,1319.0,2005-08-27,16.86495951417004,29619.710000000006,1482,44922.38999999997,7953.12000000004,1319.0,163.0
413115,1312.0,2005-08-27,46.412385643912735,145041.0,1421,144016.8,56500.799999999945,1312.0,109.0
1013314,1308.0,2005-07-23,9.75,14742.0,1404,27490.080000000085,9961.319999999978,1308.0,96.0
5589206,1254.0,2005-08-26,6.170000000000061,18480.0,1320,13355.759999999746,3668.2800000000148,1254.0,66.0
1829404,1190.0,2005-08-27,2.2659320754716457,9821.0,1325,9428.650000000007,4380.290000000145,1190.0,135.0
314122,1188.0,2005-08-22,7.5,12877.5,1212,16258.559999999996,6448.560000000001,1188.0,24.0
7119403,1173.0,2005-08-24,15.590000000000126,18129.259999999984,1258,20426.690000000024,-2078.249999999973,1173.0,85.0
1017113,1161.0,2005-08-27,3.901691419141925,9394.379999999992,1212,11360.079999999989,5195.2299999999805,1161.0,51.0
9313115,1150.0,2005-08-22,39.65161290322521,67301.00000000017,1209,67714.93999999957,14309.89999999989,1150.0,59.0
3419400,1139.0,2005-05-28,12.731364365971043,18537.64000000002,1246,24492.900000000413,4703.459999999947,1139.0,107.0
9159207,1132.0,2005-03-08,15.857239709442885,13305.0,1239,45872.77000000002,17671.35000000023,1132.0,107.0
9919401,1128.0,2005-07-16,46.25666666666728,70050.0,1260,58762.13999999992,-13798.01999999971,1128.0,132.0
2032828,1124.0,2005-08-26,6.7910169491526,11074.649999999992,1180,15937.19000000001,6130.089999999931,1124.0,56.0
4411454,1089.0,2005-08-11,1.9284301821336036,2639.8100000000004,1153,4616.079999999945,1744.1199999999833,1089.0,64.0
2413116,1067.0,2005-08-27,26.158135299219428,40781.92000000013,1153,54502.35999999999,16553.00999999995,1067.0,86.0
1613322,1064.0,2005-08-26,7.519163763066202,11459.099999999984,1148,18471.31000000002,6995.309999999993,1064.0,84.0
6210090,1054.0,2005-08-27,3.3116698292220113,8428.85999999995,1054,8333.859999999971,4843.359999999974,1054.0,0.0
816215,1049.0,2005-08-27,19.026245583038754,25026.199999999924,1132,40555.54000000003,12382.889999999998,1049.0,83.0
6113320,1027.0,2005-05-07,4.001831501831502,3737.9399999999373,1092,5052.209999999908,60.0900000000007,1027.0,65.0
8910727,1007.0,2005-08-26,12.0,16621.489999999838,1076,28901.910000000553,11779.289999999857,1007.0,69.0
162766,1005.0,2005-08-27,21.34999999999974,40700.0,1100,44631.249999999956,12713.949999999724,1005.0,95.0
9413319,983.0,2005-08-27,16.80029126213608,15392.96999999999,1030,24012.410000000058,4322.0100000000175,983.0,47.0
613323,970.0,2005-08-27,5.314264112903226,10206.619999999826,992,10769.249999999833,5057.939999999861,970.0,22.0
6813321,963.0,2005-08-26,9.880522088353414,13259.0,996,17341.22000000002,6232.2199999999975,963.0,33.0
7016438,940.0,2005-08-15,16.528960817717206,36315.0,1174,34955.07999999998,1283.88,940.0,234.0
6016340,927.0,2005-08-26,12.375706806282645,9548.209999999994,955,7559.249999999992,-4873.550000000025,927.0,28.0
115348,915.0,2005-08-27,11.093042137718442,12098.479999999994,973,18347.800000000003,4792.110000000021,915.0,58.0
3015050,894.0,2005-08-27,5.315121412803532,7602.0,906,9442.38,4366.919999999999,894.0,12.0
6011301,894.0,2005-08-27,44.609609609609606,74275.0,999,73555.0,8760.0,894.0,105.0
5036699,894.0,2005-08-27,18.969230769230723,20184.810000000027,923,26119.590000000047,6584.189999999955,894.0,29.0
9213321,888.0,2005-08-25,10.765724946695096,15168.199999999988,938,17553.300000000065,5046.849999999993,888.0,50.0
4925198,884.0,2005-08-19,35.30753326509723,23500.860000000095,977,49892.44999999997,6005.110000000007,884.0,93.0
8914935,874.0,2005-08-27,7.945916114790287,10267.0,906,16277.580000000005,7766.579999999988,874.0,32.0
8029201,853.0,2005-06-01,5.422810011376656,3380.0,879,9110.880000000005,3517.029999999964,853.0,26.0
42166,852.0,2005-08-20,10.053134962805526,8689.799999999974,941,15164.14999999998,2687.749999999989,852.0,89.0
5122764,850.0,2005-08-25,7.962800875273523,9631.059999999925,914,14739.929999999904,5106.669999999942,850.0,64.0
1816344,829.0,2005-08-27,11.046476510067114,14762.489999999983,894,17039.32999999995,3996.2599999999748,829.0,65.0
5589403,824.0,2005-08-24,2.1400000000000357,2188.1600000000053,832,3014.0000000000005,1201.5199999999961,824.0,8.0
5016174,823.0,2005-08-27,37.86771177117701,34681.85000000017,909,53708.190000000046,10347.139999999998,823.0,86.0
8334893,819.0,2005-08-27,12.5,4618.019999999971,858,9635.339999999982,-2233.6600000000026,819.0,39.0
919404,812.0,2005-02-12,18.700000000000294,7533.75,861,22287.720000000005,3614.5200000000505,812.0,49.0
4516179,783.0,2005-08-23,3.5,5684.0,812,5684.0,2436.0,783.0,29.0
5816212,780.0,2005-08-26,12.42605321507764,26134.0,902,25967.999999999996,7119.700000000009,780.0,122.0
6016211,755.0,2005-08-27,35.18132544378734,29595.08000000027,845,49045.12999999983,6195.750000000009,755.0,90.0
3516185,752.0,2005-08-27,24.0,14550.0,776,13271.199999999986,-6152.800000000011,752.0,24.0
5820416,745.0,2005-08-26,8.205882352941176,13100.0,850,12999.9,2644.9,745.0,105.0
2819403,742.0,2005-08-19,147.52025348542557,390555.0,789,289525.5,134522.01999999923,742.0,47.0
2813115,735.0,2005-04-20,37.232276330690354,25777.94000000001,883,44905.57999999999,-4165.739999999997,735.0,148.0
8013322,734.0,2005-08-27,28.205925925925914,32620.910000000087,810,42721.81999999992,12117.659999999956,734.0,76.0
7413115,718.0,2005-08-27,33.108443908323245,20755.579999999998,829,40700.56000000004,1193.4600000000003,718.0,111.0
9211454,709.0,2005-08-06,16.934883720930234,10201.470000000001,860,22415.05000000007,-437.65000000000157,709.0,151.0
5119400,707.0,2005-07-11,4.8735648754914385,3445.0,763,4894.149999999996,60.619999999999436,707.0,56.0
8510476,705.0,2005-08-06,8.550000000000113,3352.5,745,4718.650000000003,-2179.899999999988,705.0,40.0
1512252,701.0,2005-08-26,8.220088161209068,9755.56999999988,794,13297.269999999882,3390.37999999996,701.0,93.0
4813318,696.0,2005-08-27,9.812754409769335,5867.879999999992,737,8147.609999999997,-130.7699999999997,696.0,41.0
16160,688.0,2005-08-27,13.578125,11700.0,720,18375.549999999992,6949.300000000003,688.0,32.0
2316209,688.0,2005-08-27,47.27850917431202,48522.17000000002,872,62487.04999999997,-9466.109999999991,688.0,184.0
9711455,687.0,2005-08-26,6.160591471801954,6196.5,727,8339.47999999997,3120.689999999995,687.0,40.0
1213320,674.0,2005-08-27,28.313025210084035,39026.260000000024,714,42673.27000000005,17925.76999999996,674.0,40.0
2624936,636.0,2005-08-18,17.572413793103447,7253.8099999999795,725,11535.349999999988,-4790.030000000007,636.0,89.0
6713322,622.0,2005-08-27,29.92614264919942,26887.799999999996,687,28673.149999999983,2106.169999999968,622.0,65.0
7312464,620.0,2005-08-27,14.457040229885058,12910.60999999998,696,18587.469999999987,4841.37,620.0,76.0
5012923,620.0,2005-08-27,24.0,39060.0,651,29417.76000000007,10073.759999999978,620.0,31.0
2033163,617.0,2005-08-27,30.472492836676466,20825.45999999994,698,42807.73000000008,11950.929999999968,617.0,81.0
7313321,613.0,2005-08-26,3.5,3754.95,640,5307.969999999953,2690.5099999999884,613.0,27.0
1549206,585.0,2005-08-27,7.6700000000000506,14625.0,585,13893.75,9406.799999999965,585.0,0.0
3719403,580.0,2005-07-27,18.98999999999982,11050.0,680,18377.640000000047,-798.2000000000005,580.0,100.0
9069207,551.0,2005-02-28,19.019837398373998,7462.5,615,25478.790000000048,7848.1900000001015,551.0,64.0
13237,551.0,2005-08-27,18.265970149253732,15261.709999999968,670,20730.830000000005,1340.7100000000007,551.0,119.0
2412765,550.0,2005-08-26,48.4904294478529,28520.460000000017,652,44025.389999999985,-2508.2300000000073,550.0,102.0
2122764,548.0,2005-08-27,21.4281045751634,12005.84999999998,612,15430.109999999948,-817.969999999999,548.0,64.0
9013319,541.0,2005-08-27,25.529225589225582,22912.69000000001,594,27949.06000000008,7508.559999999992,541.0,53.0
9716215,532.0,2005-08-24,9.704949324324366,4703.839999999986,592,11061.439999999953,1458.909999999991,532.0,60.0
7514937,530.0,2005-07-30,4.283514492753623,2237.2700000000004,552,4168.499999999997,1324.000000000001,530.0,22.0
9816219,526.0,2005-08-27,25.99554294975677,19702.479999999996,617,36162.419999999955,8599.930000000017,526.0,91.0
5511513,517.0,2005-03-19,9.073507462686605,2980.8599999999974,536,7724.5899999999765,2200.3700000000013,517.0,19.0
8746210,511.0,2005-08-27,21.913579831932754,26373.939999999988,595,28556.55000000001,7151.970000000007,511.0,84.0
6052767,508.0,2005-08-26,21.75,32640.0,544,32640.0,16488.0,508.0,36.0
2659400,507.0,2005-08-27,49.54286440677963,50432.5,590,63756.40000000002,19718.009999999973,507.0,83.0
8813316,497.0,2005-06-08,34.71882998171844,31652.0,547,31588.000000000004,6196.800000000043,497.0,50.0
3513319,496.0,2005-08-27,15.226305609284333,3521.0899999999738,517,5016.859999999988,-3240.440000000003,496.0,21.0
1410090,478.0,2005-08-27,48.079703832752486,44460.41000000003,574,53571.350000000035,5733.59999999996,478.0,96.0
4716340,476.0,2005-07-27,17.7079107505071,6542.66999999999,493,13712.520000000015,4433.299999999995,476.0,17.0
1436212,464.0,2005-04-30,5.800000000000039,3761.669999999993,528,4147.199999999999,188.79999999999933,464.0,64.0
5449206,464.0,2005-08-24,10.409999999999927,9367.0,493,9367.0,3132.870000000014,464.0,29.0
1816212,456.0,2005-08-25,2.5,1540.0,462,2209.5,994.5,456.0,6.0
6516797,432.0,2005-08-27,11.3,5883.5,464,8582.839999999995,1774.3599999999997,432.0,32.0
4813322,414.0,2005-08-27,4.984375000000029,3076.799999999977,416,3640.519999999971,1511.0199999999923,414.0,2.0
9613641,407.0,2005-08-01,11.769748858447487,5676.75,438,11007.05,4309.92,407.0,31.0
816341,400.0,2005-08-27,19.125,9518.819999999994,504,15740.749999999973,-1874.2499999999973,400.0,104.0
9114934,384.0,2005-08-27,34.81610360360367,19875.04000000003,444,24540.690000000028,3986.7399999999943,384.0,60.0
3912765,376.0,2005-06-27,4.263565891472868,2688.0,387,1824.7399999999996,-21.259999999999962,376.0,11.0
14532,373.0,2005-08-27,38.67874396135266,19162.98,414,16345.359999999959,-2837.3600000000188,373.0,41.0
6413317,372.0,2005-07-01,5.210000000000025,1950.0,390,2179.2300000000005,-92.6699999999995,372.0,18.0
4214159,369.0,2005-08-17,7.9592039800995,5118.239999999995,402,4982.819999999991,886.2400000000004,369.0,33.0
7810077,368.0,2005-08-26,1.5,1610.0,368,1616.0,1064.0,368.0,0.0
216221,365.0,2005-08-25,16.062799999999964,6689.009999999996,400,8413.649999999992,408.4100000000012,365.0,35.0
6916221,364.0,2005-08-27,4.589041095890406,2108.030000000001,365,2431.3499999999935,730.3700000000007,364.0,1.0
7713314,364.0,2005-08-26,98.09016393442623,45374.5,488,56433.930000000255,-21609.509999999966,364.0,124.0
6613321,358.0,2005-08-26,6.726256983240224,1864.5,358,2448.0300000000016,40.02999999999996,358.0,0.0
7113315,357.0,2005-03-03,50.0,13877.459999999988,378,40507.18000000001,15524.179999999995,357.0,21.0
6410077,352.0,2005-08-20,4.447727272727291,3648.809999999975,352,3696.9299999999776,2131.3299999999954,352.0,0.0
1516220,347.0,2005-08-24,24.788409703504044,15327.5,371,15327.5,4091.0,347.0,24.0
6935883,343.0,2005-08-19,275.0,199100.0,362,177967.5,57517.5,343.0,19.0
7116178,337.0,2005-08-25,22.577500000000033,13659.98,364,13365.72999999999,2889.7199999999975,337.0,27.0
2813321,335.0,2005-08-25,19.87111436950147,7880.18,341,10385.130000000006,2971.0799999999986,335.0,6.0
7716184,332.0,2005-08-26,15.421686746987952,10240.0,332,10240.0,5120.0,332.0,0.0
3713321,328.0,2005-08-27,22.669125964010295,7120.5199999999995,389,11317.67999999999,-1381.6699999999998,328.0,61.0
4416222,327.0,2005-05-09,10.585149863760218,2569.0499999999993,367,5389.129999999978,344.43999999999977,327.0,40.0
5610090,326.0,2005-08-27,10.166666666666666,7405.229999999993,336,6773.289999999988,3035.6899999999932,326.0,10.0
6616079,326.0,2005-08-24,21.983193277310924,9065.5,357,14505.240000000007,3903.6199999999994,326.0,31.0
8813321,326.0,2005-08-27,14.014285714285714,5271.009999999998,350,6766.75,199.75,326.0,24.0
9616180,323.0,2005-08-13,5.992581602373887,4685.0,337,2013.6699999999985,-268.32999999999976,323.0,14.0
1924376,315.0,2005-08-05,28.5,20160.0,336,18879.0,6783.0,315.0,21.0
7129403,312.0,2005-08-27,5.829999999999978,3744.0,312,3506.3999999999987,1687.4400000000048,312.0,0.0
8916179,299.0,2005-07-26,56.25,45279.0,351,39517.79,7632.300000000001,299.0,52.0
5021786,292.0,2005-07-28,55.75466237942126,32080.99,311,29820.299999999992,11809.600000000011,292.0,19.0
4939207,276.0,2005-03-29,18.270000000000095,7500.0,300,9387.52,1956.520000000004,276.0,24.0
10001,274.0,2005-08-27,94.13832335329346,38736.89999999999,334,48544.21,1508.510000000006,274.0,60.0
3116218,274.0,2005-08-27,25.864864864864863,5492.5,296,5023.259999999997,-3247.7400000000025,274.0,22.0
4216211,273.0,2005-08-27,15.742565597667635,7962.839999999998,343,10974.270000000004,729.4900000000005,273.0,70.0
3012765,270.0,2005-08-26,12.288732394366198,7384.879999999997,284,7132.2599999999975,2802.2599999999993,270.0,14.0
2513315,269.0,2005-08-27,27.923076923076923,10079.880000000001,286,10226.37999999999,980.3800000000006,269.0,17.0
1016978,265.0,2005-08-25,20.7548387096774,4771.48,279,6130.589999999999,-446.01000000000033,265.0,14.0
4116215,264.0,2005-08-15,4.221590909090909,2387.4999999999945,264,2645.5499999999943,1531.0500000000018,264.0,0.0
7619403,264.0,2005-08-23,6.6900000000000395,4312.0,308,6203.120000000001,3009.1599999999908,264.0,44.0
3626184,260.0,2005-08-27,21.749712460063925,9198.739999999998,313,17371.579999999994,4130.440000000001,260.0,53.0
1516342,260.0,2005-08-23,13.081881533101104,8636.5,287,8636.5,3288.9999999999845,260.0,27.0
16128,260.0,2005-08-27,17.266789667896624,3776.279999999992,271,5087.060000000003,35.760000000000474,260.0,11.0
4013115,256.0,2005-06-13,3.6000000000000156,856.0200000000012,264,769.0400000000016,-222.0800000000005,256.0,8.0
7116297,254.0,2005-08-27,15.613680297397773,6537.700000000001,269,7253.530000000004,2022.650000000002,254.0,15.0
9616213,253.0,2005-08-27,11.0,2938.469999999995,261,4161.639999999992,1194.6400000000003,253.0,8.0
1616216,234.0,2005-08-15,36.033333333333324,13786.5,234,10941.319999999974,2509.5199999999954,234.0,0.0
1416212,228.0,2005-08-26,16.83188235294112,5763.199999999993,255,8686.179999999998,2088.850000000012,228.0,27.0
2213316,226.0,2005-08-26,46.24377358490554,8856.679999999993,265,14167.639999999987,-1876.8400000000051,226.0,39.0
2319401,224.0,2005-03-04,12.668275862068956,2130.0,232,3412.4699999999984,271.4299999999997,224.0,8.0
1149403,224.0,2005-02-26,1.9800000000000053,460.0,230,541.8200000000003,62.420000000000265,224.0,6.0
7516216,223.0,2005-08-27,13.443122362869206,4504.0,237,4564.64,532.6200000000005,223.0,14.0
823115,222.0,2005-08-25,45.36078431372549,16052.369999999997,255,21106.85,3439.91,222.0,33.0
1074937,218.0,2005-03-11,14.41644628099172,2541.0,242,6437.209999999997,1512.6900000000019,218.0,24.0
1213314,218.0,2005-08-25,17.25378787878788,5775.529999999997,264,8811.82,1232.82,218.0,46.0
2859400,218.0,2005-08-26,45.92640816326537,22667.5,245,27123.289999999986,9081.31999999999,218.0,27.0
9016209,217.0,2005-03-30,25.676470588235293,3745.899999999984,255,3778.139999999988,-4341.3800000000065,217.0,38.0
3213318,212.0,2005-07-30,50.54879032258059,7352.659999999994,248,13674.439999999991,-3603.960000000002,212.0,36.0
336217,205.0,2005-07-04,13.14212669683257,1963.49,221,2019.4800000000005,-1175.89,205.0,16.0
3323313,203.0,2005-08-17,28.35000000000017,18821.0,319,15339.259999999967,-5071.230000000003,203.0,116.0
8053525,203.0,2005-08-26,17.0663247863247,6107.55,234,5475.519999999991,227.22000000000023,203.0,31.0
4513315,202.0,2005-07-30,21.26121076233184,8846.189999999991,223,10204.899999999996,3447.649999999999,202.0,21.0
7413315,201.0,2005-08-27,10.735294117647058,5869.0,221,5914.0,2381.5,201.0,20.0
2013163,198.0,2005-08-27,18.777066666666656,4417.5,225,8500.599999999995,2164.1600000000003,198.0,27.0
1034937,195.0,2005-08-25,16.551601941747514,1606.6500000000008,206,2979.0499999999965,-961.8800000000019,195.0,11.0
6110090,194.0,2005-08-27,7.490566037735849,3908.0,212,3848.0,1676.0,194.0,18.0
7311456,183.0,2005-08-21,6.5,1820.9400000000003,225,3188.3499999999894,422.0900000000004,183.0,42.0
611518,183.0,2005-08-16,9.697487437185924,3289.3599999999997,199,3144.7099999999996,646.5099999999996,183.0,16.0
8716179,181.0,2005-08-27,61.055502392344444,15124.400000000007,209,21868.579999999998,3187.579999999998,181.0,28.0
113315,175.0,2005-08-27,11.87473958333333,3266.789999999998,192,4330.859999999992,1183.710000000001,175.0,17.0
4013652,172.0,2005-08-26,53.255050505050534,10821.779999999997,198,15492.160000000007,-2139.4399999999996,172.0,26.0
1129403,170.0,2005-07-29,5.740000000000007,860.0,172,910.3000000000001,-86.97999999999989,170.0,2.0
6013107,169.0,2005-08-21,64.47078534031415,6187.819999999993,191,9178.689999999995,-6337.750000000004,169.0,22.0
5116217,168.0,2005-08-27,8.587325581395351,1632.6400000000003,172,2279.9900000000002,647.6300000000005,168.0,4.0
7613320,161.0,2005-08-27,16.875,3178.129999999999,184,4431.949999999997,-315.2299999999997,161.0,23.0
1611365,160.0,2005-08-27,37.10497237569061,6221.969999999999,181,8906.109999999991,163.5900000000001,160.0,21.0
8310090,157.0,2005-08-27,16.80909090909091,6580.809999999989,165,6998.719999999999,3593.2200000000003,157.0,8.0
5129208,153.0,2005-03-06,27.150000000000006,3045.0,174,7029.75,415.6500000000025,153.0,21.0
8523315,153.0,2005-08-27,5.709876543209877,1405.9300000000007,162,1714.3300000000006,613.2300000000002,153.0,9.0
9049207,153.0,2005-06-18,3.642467532467546,565.5,154,712.04,136.1000000000001,153.0,1.0
9913314,148.0,2005-08-27,12.451898734177218,2460.4899999999984,158,2773.759999999999,226.35999999999996,148.0,10.0
6410257,147.0,2005-08-27,18.38486842105263,3529.25,152,4608.360000000002,1476.8600000000006,147.0,5.0
7413322,147.0,2005-04-14,17.5,1800.75,147,3216.499999999993,644.0000000000006,147.0,0.0
3012605,147.0,2005-08-27,38.511538461538464,7344.469999999999,182,14835.980000000001,1361.6,147.0,35.0
5013315,146.0,2005-08-27,6.7,1507.5,150,728.3600000000002,-346.6399999999999,146.0,4.0
2810091,145.0,2005-08-27,11.679032258064517,3837.859999999997,155,3520.4100000000003,1130.1599999999992,145.0,10.0
7213316,144.0,2005-07-14,14.0,1691.0,152,2212.9599999999987,-298.9599999999998,144.0,8.0
7015591,144.0,2005-07-15,4.149333333333348,661.0,150,428.2200000000002,-234.17999999999986,144.0,6.0
4516799,141.0,2005-08-24,4.530851063829787,1370.1500000000005,141,1777.459999999999,1138.6099999999997,141.0,0.0
7514936,141.0,2005-08-27,7.163120567375887,2506.0,141,2406.08,1396.0800000000002,141.0,0.0
5710090,140.0,2005-08-27,8.02,4350.0,150,4291.999999999999,2509.0,140.0,10.0
216185,140.0,2005-08-26,30.80503144654088,7652.459999999999,159,8717.289999999997,1491.3300000000002,140.0,19.0
11455,134.0,2005-08-27,29.316860465116278,4652.68,172,4396.609999999997,-3259.710000000001,134.0,38.0
4536880,134.0,2005-06-20,10.341379310344827,1707.4000000000005,145,1377.5300000000009,-404.7099999999998,134.0,11.0
4820170,130.0,2005-08-27,7.7061688311688314,1277.5,154,1795.2500000000011,-96.99999999999986,130.0,24.0
1826216,130.0,2005-02-21,1.6088888888888926,141.26999999999992,135,189.6000000000001,-43.77999999999996,130.0,5.0
3919403,129.0,2005-01-26,60.0,10575.0,141,12957.5,1722.5,129.0,12.0
6216218,129.0,2005-08-20,9.083850931677018,2707.5,161,3373.599999999999,503.10000000000014,129.0,32.0
2916215,128.0,2005-08-27,22.733087248322146,3786.5,149,8821.599999999988,2678.5700000000006,128.0,21.0
7016208,127.0,2005-08-27,8.221968503937005,1320.38,127,1728.4400000000014,684.25,127.0,0.0
93396,124.0,2005-07-29,17.661777777777786,1928.25,135,2470.6899999999982,-169.15,124.0,11.0
216222,123.0,2005-08-25,21.57999999999996,1980.0,132,6315.75,2387.190000000005,123.0,9.0
4813313,121.0,2005-08-27,11.034049586776852,2096.72,121,2709.739999999999,1374.6200000000003,121.0,0.0
4113320,117.0,2005-08-26,28.92948717948718,8505.34,156,9753.96,54.55999999999983,117.0,39.0
7213321,116.0,2005-08-27,19.883758865248197,3558.5,141,4688.030000000001,133.82000000000008,116.0,25.0
2912827,115.0,2005-08-25,14.91815384615385,1368.3500000000001,130,2162.3599999999997,-281.1600000000001,115.0,15.0
6813322,115.0,2005-08-26,7.741379310344827,2145.0,116,2205.5499999999997,1231.5499999999997,115.0,1.0
5911454,111.0,2005-07-30,35.87899159663859,7116.0,119,7116.0,1598.3999999999996,111.0,8.0
2170642,110.0,2005-03-09,17.140000000000043,1622.5,118,3860.939999999999,1194.94,110.0,8.0
3111308,109.0,2005-08-25,34.27798507462686,7697.7000000000035,134,6954.280000000002,-803.1699999999998,109.0,25.0
6713313,107.0,2005-08-27,19.175624999999975,1245.24,112,2217.8299999999995,-315.34000000000015,107.0,5.0
7216340,104.0,2005-08-27,9.0,1710.0,117,2093.0,520.0,104.0,13.0
5849207,98.0,2005-02-01,1.237272727272735,348.0,264,348.0,-412.640000000002,98.0,166.0
5513323,98.0,2005-08-23,25.439711538461502,5375.34,104,5827.200000000001,2353.470000000004,98.0,6.0
1813321,96.0,2005-06-02,13.5,2995.719999999997,112,2871.8399999999992,431.8400000000001,96.0,16.0
6213322,95.0,2005-08-27,10.002403846153847,1640.0,104,2080.26,696.8299999999999,95.0,9.0
3429403,95.0,2005-08-16,5.6799999999999935,3376.6799999999917,114,3752.119999999994,1979.0400000000022,95.0,19.0
6413314,95.0,2005-08-27,1.9000000000000032,265.8100000000002,95,315.0,134.49999999999986,95.0,0.0
3424798,93.0,2005-08-27,21.76666666666667,2338.5,96,3631.8100000000004,1314.2099999999996,93.0,3.0
1713318,92.0,2005-08-27,39.16326530612245,5591.5,98,6816.8,2140.92,92.0,6.0
50904,90.0,2005-04-27,33.633663366336634,2922.1799999999985,101,3156.5299999999957,-978.2699999999996,90.0,11.0
3413322,87.0,2005-08-12,11.304347826086957,2576.0,92,2548.0000000000005,1228.0,87.0,5.0
5326220,85.0,2005-08-21,4.891764705882356,1348.0,85,1327.7999999999997,911.9999999999992,85.0,0.0
5713318,84.0,2005-04-27,12.942553191489369,667.7,94,1840.42,167.86,84.0,10.0
1613320,84.0,2005-08-20,9.263157894736842,579.8500000000001,95,1257.2000000000003,-36.70000000000004,84.0,11.0
24199,82.0,2005-08-27,39.55102040816327,2845.75,98,6004.919999999999,53.84000000000003,82.0,16.0
125690,80.0,2005-05-31,30.0,1495.0,92,2789.8,-859.4000000000001,80.0,12.0
9319401,78.0,2004-10-25,12.920000000000003,1417.080000000001,104,1831.1800000000012,-1332.5000000000005,78.0,26.0
5413313,77.0,2005-08-27,8.233037974683546,637.0,79,892.6,161.18999999999994,77.0,2.0
7813322,77.0,2005-08-27,61.08791208791209,5609.26,91,6959.65,-190.65000000000003,77.0,14.0
1916209,75.0,2005-03-16,13.253103448275883,1505.25,87,2379.76,501.5400000000003,75.0,12.0
213322,74.0,2005-08-27,13.75,996.5800000000004,74,929.7400000000008,-87.76000000000008,74.0,0.0
3010077,73.0,2005-08-14,5.5,1022.0,73,1022.0,620.5,73.0,0.0
9021195,73.0,2005-07-09,32.65114942528743,1581.2100000000003,87,2103.4599999999996,-1601.1300000000015,73.0,14.0
110369,72.0,2005-08-27,24.5,2756.25,81,3329.459999999999,462.96000000000015,72.0,9.0
214484,70.0,2005-08-24,25.555,3582.810000000001,80,4452.8499999999985,1180.45,70.0,10.0
8513318,70.0,2005-08-23,39.25352112676055,6431.0,71,6385.0,3320.0000000000036,70.0,1.0
3913321,69.0,2005-07-30,11.296708860759514,665.7800000000001,79,808.91,-216.96999999999983,69.0,10.0
8516174,67.0,2005-06-12,12.743243243243244,1352.69,74,1101.0000000000002,65.22000000000001,67.0,7.0
1513319,67.0,2005-06-01,44.0,2286.0,69,3420.07,203.98999999999998,67.0,2.0
6613319,64.0,2005-07-11,33.40588235294118,2815.0,68,4033.8799999999983,1222.3199999999988,64.0,4.0
5510090,62.0,2005-08-19,36.724137931034484,7164.08,87,7034.16,-148.84000000000015,62.0,25.0
2016219,60.0,2005-06-08,2.7666666666666666,252.0,60,298.5,132.5,60.0,0.0
6012471,60.0,2005-03-02,15.02112676056338,593.0500000000004,71,738.2500000000001,-672.0699999999999,60.0,11.0
14614,59.0,2005-08-27,9.71484375,1723.0,64,1814.75,833.0,59.0,5.0
1339404,58.0,2005-06-09,4.520000000000003,812.0,58,232.0,-30.159999999999975,58.0,0.0
2819205,58.0,2005-07-14,9.726567164179098,697.8000000000002,67,1028.68,-127.55999999999997,58.0,9.0
3716184,57.0,2005-08-27,25.368783783783783,883.8500000000001,74,1896.7300000000005,-896.1599999999997,57.0,17.0
16991,57.0,2005-03-12,6.245614035087719,335.47,57,330.0700000000001,-25.92999999999997,57.0,0.0
6042147,54.0,2005-04-15,4.535294117647063,228.0,102,129.35999999999993,-465.7200000000003,54.0,48.0
6413320,54.0,2005-08-26,12.929999999999984,525.3000000000002,63,556.8200000000002,-434.71000000000015,54.0,9.0
1316223,54.0,2005-02-26,14.490000000000006,914.7600000000002,72,503.8200000000001,-854.4600000000004,54.0,18.0
8411199,54.0,2005-08-20,27.62950819672129,3253.98,61,3262.0,866.5999999999995,54.0,7.0
2022828,53.0,2005-06-25,4.9393939393939394,459.9,66,817.85,196.85,53.0,13.0
6512471,53.0,2005-08-11,29.607692307692307,1383.21,65,2593.709999999999,-860.1899999999998,53.0,12.0
5516213,52.0,2005-07-17,9.746376811594203,457.90999999999997,69,1417.4400000000003,-42.66000000000002,52.0,17.0
1010722,51.0,2005-08-05,27.369999999999976,2419.749999999999,55,2364.0399999999995,578.7299999999999,51.0,4.0
7816222,50.0,2005-08-26,19.3,1950.0,50,1739.5,774.5,50.0,0.0
1012863,50.0,2005-08-21,392.20754716981133,37806.20000000001,53,24768.579999999994,2191.580000000001,50.0,3.0
3813321,50.0,2005-08-19,11.307692307692308,786.19,52,1130.18,426.18,50.0,2.0
8516859,49.0,2005-08-23,7.535,856.0,50,733.0899999999999,332.22,49.0,1.0
2015532,47.0,2005-08-26,69.98392857142856,2427.859999999999,56,3531.409999999998,-1341.61,47.0,9.0
9051195,47.0,2005-02-25,28.387068965517248,1063.96,58,1864.9599999999998,-468.5100000000001,47.0,11.0
5459206,46.0,2005-04-14,12.269999999999992,287.5,46,215.51000000000008,-348.9099999999998,46.0,0.0
7916217,45.0,2005-08-26,35.35294117647059,3914.9700000000003,51,3324.6899999999996,561.69,45.0,6.0
3110077,44.0,2005-08-20,5.5227272727272725,599.96,44,599.96,356.96000000000004,44.0,0.0
5713315,44.0,2005-08-27,12.0,1055.5600000000002,44,1055.5600000000002,527.5600000000002,44.0,0.0
9813320,44.0,2005-08-27,80.74659090909093,4240.25,44,4450.200000000001,897.3499999999999,44.0,0.0
9616187,42.0,2005-08-02,16.62636363636363,552.1600000000001,44,1156.45,329.68999999999994,42.0,2.0
9626187,42.0,2005-07-27,21.562500000000014,1786.5,48,1775.44,414.4400000000001,42.0,6.0
9116340,42.0,2005-08-26,17.177884615384617,1031.0,52,2175.35,214.22000000000008,42.0,10.0
8611455,41.0,2005-05-06,10.015116279069767,292.5,43,931.35,412.70000000000005,41.0,2.0
3413319,41.0,2005-07-26,52.36585365853659,2778.0,41,4668.0,2521.0,41.0,0.0
5410146,40.0,2005-08-16,2.2950000000000017,129.04999999999998,40,100.29999999999997,8.499999999999993,40.0,0.0
3313322,40.0,2005-08-18,9.0,643.1999999999999,40,829.7200000000001,469.71999999999986,40.0,0.0
113322,39.0,2005-07-29,27.709230769230754,1143.0,39,1553.45,472.79,39.0,0.0
1013320,39.0,2005-08-18,30.08153846153845,1574.64,39,1729.3300000000002,556.1500000000001,39.0,0.0
8614935,36.0,2005-02-04,37.5,3080.0,40,3000.0,900.0,36.0,4.0
9913317,36.0,2005-08-25,46.24444444444445,2755.3500000000004,45,4409.28,605.72,36.0,9.0
316218,35.0,2005-07-23,51.90250000000001,1659.93,40,3237.3199999999983,-218.77999999999994,35.0,5.0
7716217,35.0,2005-07-16,9.423076923076923,726.5,39,614.8599999999999,95.36,35.0,4.0
8316217,34.0,2005-08-25,31.036486486486467,832.2700000000002,37,1135.39,-162.89999999999995,34.0,3.0
7810091,34.0,2005-08-26,34.0,3714.0,47,3666.0,39.99999999999994,34.0,13.0
5419403,33.0,2005-08-20,25.93675675675676,2976.25,37,3237.5,1517.8400000000004,33.0,4.0
510091,32.0,2005-08-25,23.416666666666668,2664.0,36,2564.0,1129.0,32.0,4.0
6016578,31.0,2005-01-06,21.56578947368421,1022.8000000000002,38,1243.28,-153.72,31.0,7.0
1413319,31.0,2005-06-22,12.514285714285714,486.5,35,497.7800000000001,-108.04,31.0,4.0
4436212,30.0,2005-08-15,4.450000000000001,360.0,30,360.0,226.5000000000001,30.0,0.0
3313316,30.0,2005-08-01,60.76470588235294,3529.1799999999994,34,3930.01,920.0100000000002,30.0,4.0
9413318,30.0,2005-08-19,20.0,1350.0,30,1145.0,545.0,30.0,0.0
2510974,30.0,2005-07-15,25.36764705882353,1050.0,34,1673.91,37.430000000000064,30.0,4.0
83396,30.0,2005-08-26,13.394,863.48,30,864.99,463.17,30.0,0.0
8811455,29.0,2005-08-26,23.905172413793085,931.5,29,1124.5,431.24999999999983,29.0,0.0
521983,29.0,2005-03-26,18.663225806451617,379.75,31,512.6300000000001,-198.2299999999999,29.0,2.0
2911099,28.0,2005-08-27,59.285714285714285,3940.0,28,3940.0,2280.0,28.0,0.0
1913116,28.0,2005-07-06,9.070689655172414,219.5,29,380.4799999999999,87.42999999999999,28.0,1.0
1923116,28.0,2005-05-29,11.9,524.25,28,545.23,212.03000000000003,28.0,0.0
6613316,28.0,2005-08-26,25.61764705882353,1167.5,34,1481.1599999999999,2.159999999999968,28.0,6.0
5816211,27.0,2005-08-26,108.48717948717949,2890.7400000000002,39,3974.969999999999,-2651.2299999999996,27.0,12.0
4113315,27.0,2005-07-27,2.0388888888888896,113.0,27,109.37,54.319999999999986,27.0,0.0
2813320,26.0,2005-04-10,37.22222222222222,594.0,27,1007.6,-23.800000000000004,26.0,1.0
4716215,26.0,2005-08-26,11.615384615384615,744.0,26,744.0,442.0,26.0,0.0
811072,26.0,2004-09-24,13.0,251.25,26,319.90000000000003,-18.1,26.0,0.0
9813319,24.0,2005-08-06,18.5125,799.0,24,916.12,471.82000000000005,24.0,0.0
4313315,24.0,2005-04-18,25.94,336.99,25,630.23,-158.26999999999998,24.0,1.0
9713317,24.0,2005-05-23,77.58666666666663,1019.7600000000001,24,1822.7900000000002,-39.28999999999983,24.0,0.0
7014222,23.0,2004-12-21,30.0,1200.0,24,1200.0,380.0,23.0,1.0
4913315,23.0,2005-03-12,16.130434782608695,382.5,23,317.24,-53.76,23.0,0.0
11102,21.0,2005-05-28,18.54782608695652,372.0,23,512.49,-34.10999999999994,21.0,2.0
16605,20.0,2005-08-26,126.78260869565217,1634.0799999999997,23,4034.1000000000004,-669.9000000000001,20.0,3.0
3316221,20.0,2005-04-10,5.867000000000002,145.0,20,151.0,33.660000000000004,20.0,0.0
2013319,20.0,2005-08-26,2.9690909090909083,76.75,22,91.75,-1.5700000000000043,20.0,2.0
7669205,20.0,2004-11-26,22.16000000000001,367.5,21,289.09000000000003,-193.76999999999995,20.0,1.0
8013316,19.0,2005-08-21,16.8095652173913,599.9100000000001,23,606.4300000000001,-20.189999999999998,19.0,4.0
9059207,19.0,2005-05-04,2.759999999999999,60.0,20,70.33,9.130000000000004,19.0,1.0
1419206,19.0,2004-10-11,29.273333333333316,973.9,30,974.5699999999999,-869.2899999999997,19.0,11.0
916339,18.0,2005-08-27,30.666666666666668,762.0,18,1143.65,591.65,18.0,0.0
6913319,18.0,2005-08-07,15.375,267.75,18,400.44,123.69,18.0,0.0
7650476,18.0,2005-07-30,20.58888888888889,343.0,18,720.8399999999999,350.23999999999995,18.0,0.0
9041195,17.0,2004-12-27,21.599999999999994,335.88,20,366.58,-170.02,17.0,3.0
713116,17.0,2005-07-18,9.882352941176471,135.25,17,132.24,-35.75999999999999,17.0,0.0
1159403,17.0,2005-01-27,4.561764705882353,63.0,17,52.17,-25.379999999999992,17.0,0.0
9416216,16.0,2005-08-26,13.5,584.0,16,544.0,328.0,16.0,0.0
5719400,16.0,2004-08-24,5.989999999999999,53.980000000000004,16,95.83999999999999,0.0,16.0,0.0
1916222,15.0,2005-06-05,49.0,792.5,20,721.22,-612.28,15.0,5.0
5513316,15.0,2005-07-28,11.933333333333334,242.0,15,294.1,115.1,15.0,0.0
4813115,15.0,2005-08-27,14.78823529411765,548.0,17,604.97,241.59000000000003,15.0,2.0
5249206,15.0,2005-02-04,4.189411764705882,70.0,17,63.220000000000006,-47.99999999999999,15.0,2.0
6116340,15.0,2005-05-01,34.199999999999996,356.25,15,513.0,-4.263256414560601e-14,15.0,0.0
9410091,15.0,2005-08-20,7.75,300.0,15,271.5,155.25,15.0,0.0
11786,14.0,2005-08-26,99.75,2808.5,16,2947.7,239.7,14.0,2.0
5516212,14.0,2005-08-15,10.477333333333332,217.0,15,258.0,86.83999999999997,14.0,1.0
5716217,14.0,2005-08-20,23.199999999999996,305.96000000000004,14,506.00000000000006,181.20000000000002,14.0,0.0
9413315,14.0,2005-02-24,18.25,360.0,16,185.70999999999998,-212.04999999999995,14.0,2.0
9016453,13.0,2004-08-08,8.5,140.75,13,182.0,71.5,13.0,0.0
9413321,13.0,2005-08-27,16.673076923076923,346.0,13,567.99,351.24,13.0,0.0
4113317,13.0,2005-03-23,9.75,83.65,15,146.33,-115.92000000000002,13.0,2.0
9513320,13.0,2005-08-26,30.46153846153846,349.94,13,241.99999999999997,-154.0,13.0,0.0
9013981,13.0,2005-03-26,9.0,157.48000000000002,13,91.97,-25.03,13.0,0.0
4116220,12.0,2005-02-11,20.0,175.0,14,387.59999999999997,7.600000000000001,12.0,2.0
1517240,12.0,2005-05-23,6.25,210.0,14,142.5,40.0,12.0,2.0
7413313,12.0,2005-02-24,13.5,104.0,13,188.7,-42.8,12.0,1.0
3313319,12.0,2005-02-24,10.0,66.0,12,79.8,-40.2,12.0,0.0
6015970,11.0,2005-02-26,10.195000000000002,148.32,12,118.69999999999999,-27.640000000000008,11.0,1.0
1216213,11.0,2005-06-01,3.45,28.929999999999993,11,35.64000000000001,-2.310000000000001,11.0,0.0
6016213,10.0,2005-01-30,16.9,133.43999999999997,10,134.42000000000002,-34.58,10.0,0.0
5813323,10.0,2005-04-01,42.03333333333334,1096.0,12,1096.0,199.60000000000002,10.0,2.0
512765,10.0,2005-03-13,6.75,99.0,11,105.75,13.5,10.0,1.0
5319206,9.0,2005-03-01,13.260000000000002,97.5,10,121.56,-24.679999999999996,9.0,1.0
9913320,9.0,2005-08-27,35.09090909090909,554.4200000000001,11,659.13,145.57,9.0,2.0
5713316,9.0,2005-07-20,26.0,696.0,12,696.0,36.0,9.0,3.0
9716181,9.0,2005-07-16,202.05,1999.7999999999997,10,1662.2199999999998,-1348.2800000000002,9.0,1.0
4713315,9.0,2004-10-09,5.0,44.0,11,47.39,-31.61,9.0,2.0
5013326,8.0,2005-08-20,20.7,360.0,8,360.0,194.40000000000003,8.0,0.0
6016215,8.0,2005-07-19,3.0,48.0,8,48.0,24.0,8.0,0.0
1836828,8.0,2005-08-27,4.0,20.0,8,60.0,28.0,8.0,0.0
2816209,8.0,2005-01-07,9.0,175.5,9,175.5,55.5,8.0,1.0
4413322,8.0,2005-08-21,43.26999999999999,1361.5,15,1377.6,-458.6499999999999,8.0,7.0
6416212,8.0,2005-04-25,14.066666666666666,159.95,9,145.45,-21.13,8.0,1.0
7213314,8.0,2005-04-09,3.75,56.0,8,56.0,26.0,8.0,0.0
1846342,8.0,2005-04-08,6.75,40.0,8,133.6,79.6,8.0,0.0
813316,8.0,2005-02-07,27.142857142857142,810.0,14,780.0,-260.0,8.0,6.0
3016216,8.0,2004-12-12,7.6000000000000005,23.92,8,32.98,-27.82,8.0,0.0
6010090,8.0,2005-08-10,10.5,232.0,8,232.0,148.0,8.0,0.0
9512086,7.0,2005-08-27,33.42857142857143,195.0,7,165.3,-68.69999999999999,7.0,0.0
8213318,7.0,2005-07-30,55.714285714285715,820.0,7,485.7,95.7,7.0,0.0
3210974,7.0,2005-08-24,22.428571428571427,157.5,7,110.99,-46.01,7.0,0.0
8914808,7.0,2005-07-11,13.357142857142858,236.0,7,236.0,142.5,7.0,0.0
7316340,7.0,2005-03-11,18.400000000000002,126.0,7,88.2,-40.599999999999994,7.0,0.0
4959207,6.0,2004-11-27,7.56,30.0,6,75.0,29.640000000000004,6.0,0.0
5319208,6.0,2005-01-16,5.21,29.990000000000002,6,96.0,64.74,6.0,0.0
3513323,6.0,2005-08-24,9.0,60.0,6,51.370000000000005,-2.629999999999999,6.0,0.0
1016221,6.0,2005-07-15,14.716666666666667,55.47,6,47.43,-40.87,6.0,0.0
3710077,6.0,2005-08-24,16.000000000000004,240.0,6,240.0,144.0,6.0,0.0
2512827,6.0,2004-12-05,360.0,4500.0,6,3825.0,1665.0,6.0,0.0
913321,6.0,2005-08-02,5.8500000000000005,114.0,6,114.0,78.9,6.0,0.0
9212764,6.0,2005-06-01,34.464285714285715,122.98,7,258.5,-30.75,6.0,1.0
1416213,6.0,2005-08-04,5.95,84.0,6,84.0,48.3,6.0,0.0
3513036,5.0,2005-06-09,328.4,3775.0,5,3298.0,1656.0,5.0,0.0
8314893,5.0,2005-04-13,7.5,60.75,5,56.0,18.5,5.0,0.0
3313315,5.0,2005-07-13,9.296666666666665,136.0,6,136.0,16.22,5.0,1.0
5813315,5.0,2005-07-30,2.43,25.0,5,25.0,12.85,5.0,0.0
4716221,5.0,2005-08-27,7.8,32.06000000000001,5,41.57,2.5700000000000003,5.0,0.0
4714937,5.0,2005-05-30,6.351999999999999,40.0,5,64.0,32.24,5.0,0.0
1179403,5.0,2004-11-24,28.95,125.0,5,125.0,-19.749999999999996,5.0,0.0
6526797,5.0,2005-08-06,12.0,170.0,5,99.45,39.45,5.0,0.0
8610082,5.0,2005-04-30,41.25,660.0,8,660.0,-170.0,5.0,3.0
5116342,4.0,2005-08-26,33.7,315.0,4,315.0,180.2,4.0,0.0
9310091,4.0,2005-08-27,92.0,808.0,4,808.0,440.0,4.0,0.0
6313321,4.0,2005-07-07,6.0,30.0,6,90.0,-26.0,4.0,2.0
5116221,4.0,2005-03-12,15.0,120.0,4,120.0,60.0,4.0,0.0
816219,4.0,2005-05-03,16.475,112.0,4,126.5,60.6,4.0,0.0
4025640,4.0,2004-10-03,7.0,25.0,5,17.0,-28.0,4.0,1.0
5611454,4.0,2005-08-10,173.83333333333334,641.24,6,1766.98,-772.02,4.0,2.0
7221456,4.0,2005-08-06,181.0,2380.0,4,1785.0,1061.0,4.0,0.0
1615499,4.0,2004-10-01,147.5,401.2,4,200.6,-389.4,4.0,0.0
6945292,4.0,2004-10-02,192.0,537.2,4,268.6,-499.4,4.0,0.0
3113562,4.0,2005-02-13,41.65,100.0,4,300.0,133.4,4.0,0.0
7231456,4.0,2004-12-29,125.0,1000.0,4,1000.0,500.0,4.0,0.0
6419207,4.0,2005-01-14,3.38,14.0,4,12.25,-1.2699999999999996,4.0,0.0
811514,4.0,2005-08-21,27.2,260.0,4,247.0,138.2,4.0,0.0
2716182,4.0,2005-07-10,4.25,36.0,4,36.0,19.0,4.0,0.0
7213313,4.0,2005-07-23,6.0,40.5,6,27.580000000000002,-20.38,4.0,2.0
1213319,4.0,2005-08-25,26.8825,183.72000000000003,4,255.0,147.47,4.0,0.0
9316184,4.0,2005-06-17,12.0,96.0,4,96.0,48.0,4.0,0.0
7616340,3.0,2005-07-20,13.333333333333334,87.0,3,85.0,45.0,3.0,0.0
5713317,3.0,2005-05-02,105.0,230.0,4,183.11,-384.39,3.0,1.0
13323,3.0,2005-08-06,17.0,126.0,3,126.0,75.0,3.0,0.0
2316220,3.0,2004-12-30,8.4,42.0,3,42.0,16.799999999999997,3.0,0.0
6313314,3.0,2005-06-17,60.81666666666667,403.92,6,253.48000000000002,-288.41999999999996,3.0,3.0
5316341,3.0,2005-08-11,10.666666666666666,69.0,3,69.0,37.0,3.0,0.0
2110158,3.0,2004-12-29,12.583333333333334,49.99,3,87.5,49.75,3.0,0.0
3613320,3.0,2005-03-04,45.0,288.0,3,64.8,-70.2,3.0,0.0
8313317,3.0,2004-09-17,11.75,104.0,4,20.54,-39.46,3.0,1.0
1810099,3.0,2004-12-16,43.333333333333336,260.0,3,260.0,130.0,3.0,0.0
2097178,3.0,2004-10-03,1.75,4.0,4,3.2,-5.8,3.0,1.0
813315,3.0,2005-07-31,23.0,144.0,3,112.32,43.31999999999999,3.0,0.0
2037178,3.0,2005-04-06,9.6,18.75,3,16.87,-11.93,3.0,0.0
8416216,3.0,2005-08-13,118.75,804.0,3,804.0,447.75,3.0,0.0
8512354,3.0,2005-08-24,15.300000000000002,54.0,3,66.6,20.699999999999996,3.0,0.0
6713316,2.0,2005-07-12,3.5,12.0,2,12.0,5.0,2.0,0.0
4452768,2.0,2005-08-26,3.84,9.0,2,6.3,-1.38,2.0,0.0
7011161,2.0,2004-10-02,11.0,22.5,2,7.5,-14.5,2.0,0.0
1814937,2.0,2005-08-11,10.875,17.98,2,21.990000000000002,0.2400000000000002,2.0,0.0
2716218,2.0,2004-10-11,52.7,5.98,2,46.25,-59.150000000000006,2.0,0.0
9713322,2.0,2005-06-27,155.0,650.0,2,650.0,340.0,2.0,0.0
8216220,2.0,2005-01-19,65.0,258.0,2,258.0,128.0,2.0,0.0
4216341,2.0,2005-05-22,18.0,30.0,2,15.0,-21.0,2.0,0.0
2514009,2.0,2005-04-15,12.5,14.5,2,41.44,16.439999999999998,2.0,0.0
1513322,2.0,2005-08-04,40.0,160.0,2,160.0,80.0,2.0,0.0
13596,2.0,2005-04-28,54.0,90.0,2,76.5,-31.5,2.0,0.0
11536,2.0,2004-08-08,23.0,300.0,6,300.0,-238.0,2.0,4.0
5913314,2.0,2005-07-15,110.0,498.0,2,494.0,274.0,2.0,0.0
9913323,2.0,2005-01-31,55.0,220.0,2,178.0,68.0,2.0,0.0
4513317,2.0,2005-03-09,42.75,86.0,2,172.0,86.5,2.0,0.0
4613319,2.0,2005-06-06,8.14,34.0,2,34.0,17.72,2.0,0.0
7913314,2.0,2004-11-20,28.0,34.0,2,13.49,-42.51,2.0,0.0
1313318,2.0,2005-08-26,3.15,3.38,2,7.68,1.3800000000000001,2.0,0.0
6313318,2.0,2004-12-21,22.895,100.0,2,100.0,54.21,2.0,0.0
4913317,2.0,2005-04-02,145.0,532.5,2,650.0,360.0,2.0,0.0
1913320,2.0,2005-07-25,32.0,36.0,2,90.0,26.0,2.0,0.0
3646184,2.0,2004-09-12,28.01,43.0,2,30.1,-25.92,2.0,0.0
5416215,1.0,2005-07-30,3.5,7.0,1,7.0,3.5,1.0,0.0
4116218,1.0,2004-09-10,24.5,24.5,1,24.5,0.0,1.0,0.0
15757,1.0,2005-05-28,25.0,100.0,2,69.0,-19.0,1.0,1.0
5916339,1.0,2005-05-16,54.0,63.0,1,126.0,72.0,1.0,0.0
2219404,1.0,2005-08-06,439.71,995.0,1,497.5,57.79000000000002,1.0,0.0
4114347,1.0,2005-05-25,22.5,49.0,1,49.0,26.5,1.0,0.0
13314,1.0,2004-09-12,34.0,42.5,1,42.5,8.5,1.0,0.0
9012417,1.0,2005-08-16,27.0,45.0,1,45.0,18.0,1.0,0.0
413318,1.0,2004-12-15,8.75,10.0,1,20.0,11.25,1.0,0.0
1813317,1.0,2005-04-20,41.0,82.0,1,82.0,41.0,1.0,0.0
813323,1.0,2005-08-02,19.0,9.99,1,9.99,-9.01,1.0,0.0
1813117,1.0,2005-03-02,16.0,27.5,1,36.85,20.85,1.0,0.0
6916222,1.0,2005-06-24,139.0,295.0,1,295.0,156.0,1.0,0.0
8010090,1.0,2005-08-13,8.0,20.0,1,20.0,12.0,1.0,0.0
1010091,1.0,2005-08-27,50.0,109.0,1,109.0,59.0,1.0,0.0
3116217,1.0,2005-03-11,3.0,8.0,1,0.99,-2.01,1.0,0.0
9316217,1.0,2005-07-25,37.8,188.0,2,188.0,-75.60000000000001,1.0,1.0
1013322,1.0,2005-08-27,8.5,15.0,1,10.5,2.0,1.0,0.0
23653,1.0,2005-07-02,49.0,49.99,1,49.99,0.990000000000002,1.0,0.0
2012358,1.0,2005-02-09,36.0,39.5,1,79.0,43.0,1.0,0.0
3710602,1.0,2005-07-10,30.0,17.75,1,17.75,-12.25,1.0,0.0
1413316,1.0,2004-12-22,8.5,18.5,1,18.5,10.0,1.0,0.0
9619207,1.0,2004-08-28,5.76,5.0,1,3.5,-2.26,1.0,0.0
4410090,1.0,2005-08-06,16.65,38.0,1,38.0,21.35,1.0,0.0
8516220,1.0,2005-08-02,40.0,80.0,1,80.0,40.0,1.0,0.0
1310090,1.0,2005-06-08,8.75,11.99,1,22.0,13.25,1.0,0.0
5413320,1.0,2005-04-30,13.0,28.0,1,22.4,9.399999999999999,1.0,0.0
1316216,1.0,2004-11-27,4.0,8.0,1,8.0,4.0,1.0,0.0
2516215,1.0,2005-06-03,68.0,100.5,1,150.0,82.0,1.0,0.0
7916213,1.0,2004-12-09,11.0,24.0,1,24.0,13.0,1.0,0.0
